Publish Date,Author,Content,Status,Slug,Meta Description,Excerpt,Title,Featured Image,Featured
2026-02-28,Splash Pad Locator Staff,"If you're heading to a splash pad with a baby or toddler, a swim diaper isn't optional — it's required at most public water play areas. But not all swim diapers are created equal. A poor fit means leaks, a stiff material means a miserable kid, and some disposable options barely survive a 30-minute splash session.

This guide breaks down the best options across reusable and disposable categories so you can pick the right one before your next visit.

---

## What Swim Diapers Actually Do (And Don't Do)

Before diving into picks, one important note: **swim diapers are not regular diapers**. They're designed to contain solids, not absorb liquids. That means urine passes right through — which is intentional, since an absorbent diaper would swell up and fall apart in water.

This is why swim diapers are required (not just recommended) at splash pads and public pools. They prevent fecal contamination of shared water without becoming waterlogged and useless.

---

## Reusable vs. Disposable: Which Should You Choose?

**Reusable swim diapers** are made from neoprene or lined fabric with adjustable snaps. They wash and dry quickly, fit better over time as you dial in the snaps, and cost less per use over a season.

**Disposable swim diapers** work like a pull-up — convenient for travel, day trips, or when you don't want to deal with rinsing. The trade-off is cost and the fact that they're single-use.

For families who visit splash pads regularly, reusable is the clear winner. For occasional visitors or travel, disposable is worth the convenience.

---

## Best Reusable Swim Diapers

### 1. Splash About Happy Nappy
The Happy Nappy has earned a near-cult following among parents for good reason. The neoprene construction creates a snug seal around the legs and waist that holds up better than most competitors. It fits like a wetsuit bottom — secure without being uncomfortable — and dries quickly between uses.

Available in a wide range of sizes from newborn through toddler, and in enough patterns that kids actually want to wear them.

**Best for:** Regular splash pad visitors who want maximum containment confidence.

---

### 2. iPlay Reusable Swim Diaper
A reliable mid-range option that uses a soft, stretchy lining with an absorbent inner layer that traps solids without swelling in water. The pull-on style makes it easy to get on and off — especially helpful at splash pads where you're doing quick changes.

The iPlay runs slightly large, so size down if your child is between sizes. It's one of the most widely available reusable options and holds up well through a full season of regular use.

**Best for:** Families looking for an easy pull-on style with good availability.

---

### 3. Nageuret Reusable Swim Diaper
A snap-closure design that makes diaper changes significantly easier than pull-on styles — no need to remove shoes or water shoes to change. The neoprene construction creates a reliable seal, and the snaps give you precise sizing across a wide weight range.

The snap design also means the diaper lays completely flat to dry, which is useful if you're packing it back into a bag after a visit.

**Best for:** Ease of changes without removing footwear — a real practical advantage at splash pads.

---

### 4. Charlie Banana Reusable Swim Diaper
Known for their cloth diaper line, Charlie Banana makes a swim diaper with a soft outer shell and adjustable snaps that grows with your child across multiple size ranges. The fit is trim, which keeps it from looking bulky under swimwear.

Holds up well through repeated washing and has enough gusset room to prevent gaps at the legs — one of the most common failure points on cheaper reusable swim diapers.

**Best for:** Trim fit under swimsuits, longer-term use across size ranges.

---

## Best Disposable Swim Diapers

### 5. Huggies Little Swimmers
The market standard for disposable swim diapers. Little Swimmers use side-tab construction that tears away for easy removal — critical if there's been a solid accident, since you don't want to pull the diaper down. They hold their shape well in water and don't absorb moisture and swell the way a regular diaper would.

Available in sizes Small (16–26 lbs), Medium (24–34 lbs), and Large (32+ lbs). The sizing runs slightly generous.

**Best for:** Easy availability, tear-away sides, reliable performance.

---

### 6. Pampers Splashers
Huggies' main competitor, with a slightly stretchier waistband that some parents find more comfortable on wider-waisted toddlers. The tear-away sides work the same way, and the sizing is comparable.

The main practical difference: Pampers Splashers tend to be slightly softer against the skin, which matters for kids with sensory sensitivities. Otherwise performance is nearly identical to Little Swimmers.

**Best for:** Toddlers who find Huggies waistbands too stiff, or parents who already buy Pampers products.

---

## What to Look For in a Swim Diaper

**Leg gussets:** These are the elastic edges around the thigh openings. Snug gussets are the primary defense against leaks. Look for a diaper where the gussets lie flat against the skin with no gaps.

**Waistband fit:** Should be snug but not leave red marks. For reusables, adjustable snaps let you fine-tune this as your child grows.

**Material:** Neoprene (reusable) holds shape better in water than fabric-only options. For disposables, look for stretch panels that accommodate movement without gaping.

**Drying time:** If you're visiting multiple days in a row, a reusable that dries overnight is far more practical than one that takes 24+ hours.

---

## Do You Need a Swim Diaper Cover?

For infants and young toddlers, some parents use a swim diaper cover over a reusable swim diaper for extra containment confidence. These are typically neoprene shorts or a rash guard bottom that fits snugly over the swim diaper. Not strictly necessary with a well-fitting swim diaper, but a reasonable extra precaution at busy public splash pads.

---

## Splash Pad Swim Diaper Rules

Most public splash pads and aquatic centers require swim diapers for children who are not yet toilet trained. A few things to know:

- **Cloth diapers are not accepted** at most facilities — only swim-specific diapers with proper containment gussets
- **Regular diapers are never acceptable** in water — they absorb water, swell, and fall apart
- Some facilities require a swim diaper cover in addition to the swim diaper itself — check the rules before you go
- When in doubt, a reusable swim diaper with snug leg gussets will meet the requirements at virtually any facility

---

## Find Toddler-Friendly Splash Pads Near You

If you're gearing up for a splash pad season with a baby or toddler, we have a dedicated listing of [toddler-friendly splash pads](/category/toddlers.html) filtered for gentle water features and zero-depth areas perfect for little ones.

[Browse toddler splash pads →](/category/toddlers.html)

---

*This post may contain affiliate links. If you purchase through a link on this page, we may earn a small commission at no extra cost to you.*
",Published,best-swim-diapers-for-splash-pads,"Find the best swim diapers for splash pads and water parks in 2026. Reusable and disposable options reviewed for fit, leak protection, and value.","Heading to a splash pad with a baby or toddler? A good swim diaper is non-negotiable. Here's what actually works — and what to skip — based on fit, leak protection, and ease of use.",Best Swim Diapers for Splash Pads and Water Parks (2026),https://res.cloudinary.com/dnmrgvjdm/image/upload/v1772297306/splash_pad_kids_playing_qo78ua.png,
2026-03-18,Splash Pad Locator Staff,"Ohio summers bring heat, humidity, and a statewide need to cool off. Fortunately, the Buckeye State has one of the deepest collections of splash pads, spray parks, and water play areas in the country — over 100 facilities spread from Lake Erie to the Ohio River, with a strong concentration of free options operated by city and metro park systems.

Whether you're looking for a free neighborhood splash pad, a full-scale water park, or a year-round indoor option, Ohio has it covered. Here are the best water play destinations, organized by region.

---

## Cincinnati and Southwest Ohio

The Cincinnati metro has the densest concentration of water play in Ohio, ranging from world-class theme park waterparks to free urban splash pads along the riverfront.

### Smale Riverfront Park — Cincinnati
**Rating:** 4.8

The crown jewel of Cincinnati's waterfront, Smale Riverfront Park features a splash pad area with views of the Ohio River and the Roebling Suspension Bridge. At 4.8 stars, it's one of the highest-rated water play spots in the entire state. The park's other amenities — walking paths, playgrounds, swings, and gardens — make it easy to turn a splash pad visit into a full afternoon.

### Washington Park — Cincinnati
**Admission:** Free | **Rating:** 4.7 | **Features:** Accessible, Parking, Playground, Restrooms

In the heart of Over-the-Rhine, Washington Park offers a free splash pad in one of Cincinnati's most vibrant neighborhoods. The surrounding park includes a playground, dog park, and frequent community events. It's a true neighborhood gathering spot that happens to have great water play.

### Woodland Mound — Cincinnati
**Admission:** Free | **Rating:** 4.7

Part of the Hamilton County Parks system, Woodland Mound offers free water play in a large park setting with hiking trails and scenic overlooks. A quieter alternative to the downtown splash pads.

### Kings Island & Soak City — Mason
**Type:** Amusement Park / Water Park | **Admission:** Paid | **Rating:** 4.6 / 4.5

Ohio's premier theme park includes Soak City, a full-scale water park with slides, a wave pool, lazy river, and dedicated kids' splash areas. It's a paid, full-day destination — one of the best in the Midwest for families who want both thrill rides and water play in a single visit.

### Great Wolf Lodge — Mason
**Type:** Indoor Water Play | **Admission:** Free (for guests) | **Rating:** 4.2 | **Features:** Shade

Ohio's Great Wolf Lodge in Mason offers a massive indoor waterpark that operates year-round. Slides, wave pools, splash areas, and a toddler-friendly zone are all enclosed in a climate-controlled space. It's a hotel-and-waterpark combo that works especially well for winter or rainy-day getaways.

### Wake Nation — Fairfield
**Type:** Water Park | **Admission:** Paid | **Rating:** 4.9

The highest-rated water attraction in Ohio at 4.9 stars. Wake Nation in Fairfield is a cable wakeboarding park and adventure facility with water activities for families. It's a unique alternative to traditional splash pads for older kids and teens.

### Marcum Park — Hamilton
**Admission:** Free | **Rating:** 4.7 | **Features:** Accessible, Parking, Playground, Restrooms

A standout free splash pad in Hamilton with a 4.7 rating. Marcum Park combines water play with playground equipment, restrooms, and accessible design — everything a family needs for a no-cost outing.

### Adventure Reef Water Park — Kettering
**Type:** Water Park | **Rating:** 4.1 | **Features:** Picnic Areas, Restrooms

Kettering's community water park features splash areas, pools, and picnic facilities. A solid mid-range option for Dayton-area families looking for more than a splash pad but less than a full theme park experience.

### Land of Illusion Adventure Park — Middletown
**Type:** Amusement Park | **Admission:** Paid | **Rating:** 4.2 | **Features:** Picnic Areas, Restrooms

A multi-attraction park between Cincinnati and Dayton that includes water park areas, a haunted house (seasonal), live music, and more. The water features make it a summer draw for families willing to pay for a day of varied entertainment.

---

## Columbus and Central Ohio

The Columbus area offers a mix of community splash pads and major attractions, anchored by the Columbus Zoo campus.

### Zoombezi Bay — Powell
**Type:** Water Park | **Rating:** 4.4 | **Features:** Accessible, Parking, Picnic Areas, Restrooms

Adjacent to the Columbus Zoo, Zoombezi Bay is a full-scale water park with slides, a wave pool, lazy river, and a large kids' splash zone. It's one of the best water parks in Central Ohio and pairs naturally with a zoo visit for a two-attraction day.

### Columbus Zoo and Aquarium — Powell
**Admission:** Free | **Rating:** 4.7 | **Features:** Accessible, Parking, Playground, Restrooms

The Columbus Zoo campus includes water play features that are free with zoo admission. At 4.7 stars with full amenities, it's an easy add-on for families already planning a zoo day.

### Ballantrae Community Park & Spray Fountains — Dublin
**Admission:** Free | **Rating:** 4.6 | **Features:** Accessible, Parking, Restrooms

Dublin's Ballantrae spray fountains offer free water play in a well-maintained community park. A favorite among Dublin and northwest Columbus families for quick summer cool-downs.

### Westerville Community Center — Westerville
**Admission:** Free | **Rating:** 4.6 | **Features:** Shade

Westerville offers multiple water play options, including the Community Center with its free splash features and shaded areas — a practical choice for families with young children who need sun protection.

### Highlands Park Aquatic Center — Westerville
**Type:** Aquatic Center | **Rating:** 4.5 | **Features:** Restrooms

A dedicated aquatic center in Westerville with pools and water play areas. Between this and the Community Center, Westerville families have two strong options without driving to Columbus.

### Reed Road Water Park — Upper Arlington
**Type:** Water Park | **Rating:** 4.5 | **Features:** Picnic Areas, Restrooms

Upper Arlington's community water park offers slides, splash features, and picnic areas in a well-maintained neighborhood setting.

---

## Dayton and the Miami Valley

Dayton's Metro Parks system is exceptional, and several of its parks offer free splash pads and water play — making the Dayton area one of the best regions in Ohio for no-cost water fun.

### Wegerzyn Gardens MetroPark — Dayton
**Admission:** Free | **Rating:** 4.8

The highest-rated water play spot in the Dayton area at 4.8 stars. Wegerzyn Gardens combines a splash pad with beautiful gardens and nature trails. It's the kind of place where you come for the water and stay for the scenery.

### RiverScape MetroPark — Dayton
**Admission:** Free | **Rating:** 4.7

Downtown Dayton's RiverScape MetroPark features a free splash pad along the Great Miami River. The urban waterfront setting, river walks, and seasonal events make this more than just a water play stop — it's a downtown Dayton destination.

### Island MetroPark — Dayton
**Admission:** Free | **Rating:** 4.5

Another strong free option from the Dayton Metro Parks system. Island MetroPark offers water play in a natural park setting along the river.

### Kroger Aquatic Center at The Heights — Dayton
**Type:** Aquatic Center | **Admission:** Free | **Rating:** 4.0 | **Features:** Accessible, Parking, Restrooms

A free aquatic center in Dayton with pools and splash features. The free admission makes it an accessible option for families throughout the summer.

### Thomas A. Cloud Memorial Park — Huber Heights
**Admission:** Free | **Rating:** 4.5 | **Features:** Accessible, Parking, Playground, Restrooms

Just north of Dayton, Huber Heights' Cloud Memorial Park offers a free splash pad with full amenities including playground, restrooms, and accessible parking.

---

## Cleveland and Northeast Ohio

### Cuyahoga Falls Downtown Splash Pad — Cuyahoga Falls
**Admission:** Free | **Rating:** 4.6

A free downtown splash pad that's become a summer staple for Cuyahoga Falls families. Located in the walkable downtown area near shops and restaurants — perfect for combining water play with lunch or dinner.

### Water Works Family Aquatic Center — Cuyahoga Falls
**Type:** Aquatic Center | **Rating:** 4.3 | **Features:** Accessible, Parking, Restrooms

The larger aquatic facility in Cuyahoga Falls with pools, slides, and splash features. A good option when you want more than a splash pad but don't want to drive to a full water park.

### Cleveland Public Square — Cleveland
**Rating:** 4.5 | **Features:** Accessible, Parking, Restrooms

Downtown Cleveland's Public Square includes interactive water features in the heart of the city. A welcome stop for families exploring downtown Cleveland during hot summer days.

### Broadview Heights Splash Park — Broadview Heights
**Rating:** 4.5 | **Features:** Accessible, Parking

A community splash park in the southern Cleveland suburbs that shows up frequently in local family recommendations.

### Crocker Park — Westlake
**Admission:** Free | **Rating:** 4.5

Westlake's Crocker Park lifestyle center includes free splash features in a mixed-use shopping and dining district. Cool off the kids while you shop — a win for everyone.

---

## Sandusky and Lake Erie

Sandusky is Ohio's waterpark capital. The concentration of indoor and outdoor water attractions along the Lake Erie coast is unmatched anywhere else in the state.

### Cedar Point — Sandusky
**Type:** Amusement Park | **Rating:** 4.5 | **Features:** Picnic Areas, Restrooms

The roller coaster capital of the world also includes water attractions and splash zones. Cedar Point is a full-day (or multi-day) destination, and the water features provide a welcome break between coaster rides.

### Kalahari Resorts & Conventions — Sandusky
**Type:** Resort Water Park | **Admission:** Free (for guests) | **Rating:** 4.3 | **Features:** Picnic Areas, Restrooms

One of the largest indoor waterparks in the country, Kalahari Sandusky operates year-round with slides, a wave pool, lazy river, and extensive kids' splash areas. The African safari theme runs throughout the resort. Free for overnight guests; day passes sometimes available.

### Great Wolf Lodge — Sandusky
**Type:** Indoor Water Play | **Admission:** Free (for guests) | **Rating:** 4.2 | **Features:** Accessible, Parking, Playground, Restrooms, Shade

Ohio's second Great Wolf Lodge location (the other is in Mason) offers the same year-round indoor waterpark experience on the Lake Erie coast. A strong option for weekend getaways with young kids.

### Castaway Bay by Cedar Point Resorts — Sandusky
**Type:** Amusement Park | **Admission:** Free (for guests) | **Rating:** 3.8 | **Features:** Picnic Areas, Restrooms

Cedar Point's attached indoor waterpark resort. Stay here for easy access to both the theme park and year-round indoor water play.

---

## Stark County and the Canton Area

### Baylor Beach Park — Navarre
**Type:** Water Park | **Admission:** Free | **Rating:** 4.6 | **Features:** Accessible, Parking, Picnic Areas, Playground, Restrooms

A hidden gem south of Canton — Baylor Beach offers a free water park experience with beach access, splash features, and full amenities. Free admission for a water park is rare, and at 4.6 stars it delivers.

### Dogwood Park — North Canton
**Admission:** Free | **Rating:** 4.6

A well-rated free splash pad in North Canton. Simple, clean, and reliable — exactly what families need for a regular summer cool-down spot.

### Hall of Fame Village — Canton
**Admission:** Free | **Rating:** 4.3

Water play features at the Hall of Fame Village complex in Canton, free of charge. A good add-on if you're visiting the Pro Football Hall of Fame area.

---

## Toledo and Northwest Ohio

### Promenade Park — Toledo
**Admission:** Free | **Rating:** 4.6

Toledo's premier downtown park features a free splash pad along the Maumee River. The park's modern design, river views, and community programming make it a Toledo family favorite.

### Napoleon Aquatic Center — Napoleon
**Type:** Aquatic Center | **Rating:** 4.8 | **Features:** Restrooms

The highest-rated aquatic center in Northwest Ohio at 4.8 stars. Napoleon's facility punches well above its weight for a small city — a genuine surprise find for families passing through the area.

---

## Hidden Gems Worth the Drive

### Galion Splash Park — Galion
**Admission:** Free | **Rating:** 4.6 | **Features:** Accessible, Parking, Playground, Restrooms

A free splash park in the small city of Galion with a 4.6 rating and full amenities. The kind of facility that makes small-town Ohio great for families.

### Sugarcreek MetroPark — Bellbrook
**Admission:** Free | **Rating:** 4.8

One of the highest-rated parks in the state at 4.8 stars, Sugarcreek MetroPark near Bellbrook offers water play in a beautiful natural setting south of Dayton.

### Black Beard's Bay Waterpark — Edgerton
**Type:** Water Park | **Rating:** 4.7 | **Features:** Accessible, Parking, Picnic Areas, Restrooms

A pirate-themed water park in far northwest Ohio with a 4.7 rating. It's off the beaten path but well worth the drive if you're in the area.

---

## Tips for Visiting Ohio Splash Pads

**Free options are everywhere:** Ohio has over 45 free splash pads and water play areas. The Metro Parks systems in Dayton, Cincinnati, and Columbus are especially strong — many of their best facilities are completely free.

**Season:** Most outdoor splash pads in Ohio open Memorial Day weekend and close after Labor Day. Indoor waterparks in Sandusky and Mason operate year-round.

**The Sandusky corridor is a destination:** If you're planning a family trip to Ohio, the Sandusky/Lake Erie area has the highest concentration of waterparks in the state. Cedar Point, Kalahari, Great Wolf Lodge, and Castaway Bay are all within minutes of each other.

**Beat the crowds:** Weekday mornings (before 11am) are the quietest times at most community splash pads. The paid parks are busiest on Saturdays in July — consider a Sunday or weekday visit instead.

---

## Find All 100+ Ohio Splash Pads

This guide covers the highlights, but Ohio has over 100 water play destinations across the state. Browse the full directory to find options near you — each listing includes hours, admission info, and a link to the facility.

[Browse All Ohio Splash Pads →](/state/ohio.html)",Published,best-splash-pads-in-ohio,"Find the best splash pads in Ohio for 2026 — Cincinnati, Columbus, Dayton, Cleveland, Sandusky, and more. Free and paid water play for families with ratings and tips.","Ohio has over 100 splash pads, spray parks, aquatic centers, and water parks — from Cincinnati's riverfront parks to Sandusky's resort waterparks. Here are the best, organized by region.",Best Splash Pads in Ohio: Top Water Play Spots for Families (2026),https://res.cloudinary.com/dnmrgvjdm/image/upload/v1773802283/DublinOhioSpray_udbf3g.png,
2026-03-18,Splash Pad Locator Staff,"California's climate was practically made for splash pads. With over 160 splash pads, water parks, and aquatic centers spread across the state, families from San Diego to Sacramento have no shortage of ways to cool off. Many of California's best options are free, operated by city parks departments that understand that in a state this warm, water play isn't a luxury — it's essential.

Here are the best splash pads and water play destinations in California, organized by region.

---

## Los Angeles and Southern California

The greater LA area has the widest variety of water play in the state — from major theme park waterparks to free neighborhood splash pads.

### Super Silly Fun Land — Studio City
**Rating:** 4.6 | **Features:** Accessible, Parking, Playground, Restrooms

Located at Universal Studios, Super Silly Fun Land features a themed splash zone inspired by the Minions franchise. The interactive water play area is a hit with younger kids, and the Universal Studios setting adds to the experience.

### Hurricane Harbor Los Angeles — Valencia
**Type:** Water Park | **Admission:** Free (with Six Flags pass) | **Rating:** 4.3 | **Features:** Accessible, Parking, Picnic Areas, Playground, Restrooms

Six Flags' dedicated water park in Valencia features slides, a wave pool, lazy river, and kids' splash zones. One of the largest water parks in Southern California.

### Knott's Soak City — Buena Park
**Type:** Amusement Park | **Admission:** Free (with park pass) | **Rating:** 4.5 | **Features:** Accessible, Parking, Picnic Areas, Playground, Restrooms

Knott's Berry Farm's water park is consistently one of the top-rated in Southern California at 4.5 stars. Slides, splash areas, a lazy river, and a dedicated kids' zone make it a full-day destination.

### Raging Waters Los Angeles — San Dimas
**Type:** Water Park | **Admission:** Paid | **Rating:** 4.1 | **Features:** Picnic Areas, Restrooms

One of the original large-scale water parks in California, Raging Waters delivers dozens of slides, a wave pool, and splash zones across a massive facility. It's the quintessential SoCal waterpark experience.

### Wild Rivers Waterpark — Irvine
**Type:** Water Park | **Rating:** 4.1 | **Features:** Accessible, Parking, Picnic Areas, Restrooms

The revived Wild Rivers in Irvine brings a modern water park experience to Orange County with new slides, splash areas, and family-friendly zones.

### City Terrace Park — Los Angeles
**Admission:** Free | **Rating:** 4.5 | **Features:** Accessible, Parking, Playground, Restrooms

A free community park splash pad in East LA. City Terrace Park offers accessible water play with playground equipment and restrooms — a no-cost neighborhood option in the heart of the city.

### Heritage Community Park — Irvine
**Admission:** Free | **Rating:** 4.6 | **Features:** Accessible, Parking, Playground, Restrooms

Irvine's Heritage Park features a free splash pad in one of Orange County's most family-friendly planned communities. Clean, well-maintained, and rated 4.6.

### Seaside Lagoon — Redondo Beach
**Rating:** 4.5

A unique saltwater swimming lagoon on the Redondo Beach waterfront. Seaside Lagoon combines beach vibes with a controlled swimming environment — a distinctly California water play experience.

---

## San Diego Area

### Waterfront Park — San Diego
**Admission:** Free | **Rating:** 4.7

The crown jewel of San Diego's splash pads. Waterfront Park features a massive interactive splash pad along the harbor with views of the bay, the USS Midway, and the downtown skyline. Free, highly rated, and one of the most scenic splash pads in the entire country. If you visit one splash pad in San Diego, make it this one.

### SeaWorld San Diego — San Diego
**Type:** Amusement Park | **Rating:** 4.4 | **Features:** Picnic Areas, Restrooms

SeaWorld includes splash zones and water play areas alongside its marine attractions. The water features are a welcome addition for families spending a full day at the park.

### Belmont Park — San Diego
**Admission:** Free | **Rating:** 4.6

The iconic Mission Beach boardwalk amusement area includes splash features and beach access. Free to enter — you only pay for individual rides and attractions.

### Mission Bay Aquatic Center — San Diego
**Type:** Aquatic Center | **Rating:** 4.7 | **Features:** Restrooms

One of the highest-rated aquatic facilities in San Diego at 4.7 stars. Located on Mission Bay, the center offers swimming, water sports, and aquatic programs.

### Santee Lakes Recreation Preserve — Santee
**Admission:** Free | **Rating:** 4.5

A community recreation area east of San Diego with water features and outdoor recreation in a lake-studded preserve. Free admission makes it an easy regular visit.

### Wave Waterpark — Vista
**Type:** Water Park | **Admission:** Paid | **Rating:** 4.4 | **Features:** Picnic Areas, Restrooms

North County San Diego's community water park. Slides, pools, splash areas, and a seasonal schedule that runs through the warm months.

---

## San Francisco Bay Area

### Aqua Adventure Water Park — Fremont
**Type:** Water Park | **Admission:** Free (parking fee applies) | **Rating:** 4.2 | **Features:** Accessible, Parking, Picnic Areas, Restrooms

The East Bay's largest water park, Aqua Adventure in Fremont offers slides, pools, and splash zones. A solid family destination for the Tri-City area.

### Children's Fairyland — Oakland
**Admission:** Free | **Rating:** 4.5

A beloved Oakland institution since 1950, Children's Fairyland includes water play features in a storybook-themed park designed for young children. The gentle scale makes it ideal for toddlers.

### South Bay Shores — Santa Clara
**Admission:** Free | **Rating:** 4.5 | **Features:** Parking, Restrooms

Water play within the California's Great America complex. Combined with the theme park, it makes for a complete entertainment day.

### California's Great America — Santa Clara
**Type:** Amusement Park | **Rating:** 4.4 | **Features:** Picnic Areas, Restrooms

The Bay Area's major theme park includes water attractions and splash zones alongside its coasters and rides. The combination of dry and wet rides makes it flexible for mixed-preference families.

### Six Flags Discovery Kingdom — Vallejo
**Type:** Amusement Park | **Rating:** 4.1 | **Features:** Accessible, Parking, Picnic Areas, Restrooms

Six Flags' Bay Area park combines animal encounters, thrill rides, and water attractions. The splash zones provide relief on warm North Bay days.

### Central Park — San Ramon
**Admission:** Free | **Rating:** 4.7

San Ramon's Central Park features a free splash pad in one of the Tri-Valley's best community parks. At 4.7 stars, it's a local favorite.

### Dougherty Valley Aquatic Center — San Ramon
**Type:** Aquatic Center | **Admission:** Free | **Rating:** 4.6 | **Features:** Restrooms

A free community aquatic center in San Ramon — rare for a facility of this quality. Strong ratings and no admission fee make it a standout.

---

## Sacramento and Central Valley

### Heron Landing Community Park — Rancho Cordova
**Admission:** Free | **Rating:** 4.7 | **Features:** Accessible, Parking, Playground, Restrooms

The highest-rated free splash pad in the Sacramento area. Heron Landing in Rancho Cordova combines water play with a playground and full amenities in a well-designed community park.

### Quarry Park Adventures — Rocklin
**Admission:** Free | **Rating:** 4.7

A unique adventure park in a former quarry setting with water features and outdoor recreation. Rocklin's flagship park at 4.7 stars.

### Roseville Aquatics Complex — Roseville
**Type:** Aquatic Center | **Rating:** 4.5 | **Features:** Restrooms

The premier aquatic facility in the Sacramento suburbs, Roseville's complex offers pools, splash features, and swim programs.

### Fairytale Town — Sacramento
**Admission:** Free | **Rating:** 4.5

A family theme park in William Land Park with splash features designed for young children. The storybook theme and gentle scale make it a Sacramento institution for families with toddlers.

### Swanston Park — Sacramento
**Admission:** Free | **Rating:** 4.4

A free neighborhood splash pad in Sacramento's park system. Simple, accessible, and reliable for regular summer visits.

### Island Waterpark — Fresno
**Type:** Water Park | **Rating:** 4.4 | **Features:** Accessible, Picnic Areas, Restrooms

The Central Valley's premier water park, Island Waterpark in Fresno delivers slides, pools, and splash zones for the hot San Joaquin Valley summers where temperatures regularly exceed 100 degrees.

### Wild Water Adventure Park — Clovis
**Type:** Amusement Park | **Rating:** 4.2 | **Features:** Accessible, Parking, Picnic Areas, Restrooms

A large-scale water and amusement park in Clovis, adjacent to Fresno. Slides, pools, and entertainment in one of the hottest regions in California.

---

## Central Coast

### Ravine Waterpark — Paso Robles
**Type:** Water Park | **Admission:** Free | **Rating:** 4.5 | **Features:** Accessible, Parking, Picnic Areas, Restrooms

A free community water park in Paso Robles — free admission for a water park is rare anywhere, and Ravine delivers with slides, splash areas, and full amenities. One of the best-value water attractions in California.

### Mustang Waterpark — Arroyo Grande
**Type:** Water Park | **Rating:** 4.4 | **Features:** Accessible, Parking, Picnic Areas, Playground, Restrooms

A community water park on the Central Coast with slides, splash areas, and a playground. A welcome option in the San Luis Obispo County area.

### Casitas Water Adventure — Ventura
**Admission:** Free | **Rating:** 4.4 | **Features:** Accessible, Parking, Playground, Restrooms, Snack Bar

Free water play near Lake Casitas in Ventura with a snack bar on-site — the kind of facility that makes a half-day outing effortless.

---

## Inland Empire and High Desert

### DryTown Water Park — Palmdale
**Type:** Water Park | **Rating:** 4.5 | **Features:** Accessible, Parking, Picnic Areas, Restrooms

Named after the DryTown mining company, this Antelope Valley water park features slides, a lazy river, and wading pools. Palmdale's summer heat makes a water park essential, not optional.

### Cali Splash Park — Castaic
**Rating:** 4.8 | **Features:** Accessible, Parking, Playground, Restrooms

One of the highest-rated splash parks in all of California at 4.8 stars. Castaic's Cali Splash Park combines excellent water features with a playground and full amenities.

### DropZone Waterpark — Perris
**Type:** Water Park | **Rating:** 4.1 | **Features:** Picnic Areas, Playground, Restrooms

A community water park in the Inland Empire with slides, splash zones, and family-friendly pricing.

### The Cove Waterpark — Riverside
**Type:** Water Park | **Admission:** Paid | **Rating:** 4.1 | **Features:** Picnic Areas, Restrooms

Riverside's water park offers a seasonal escape from the Inland Empire heat with pools, slides, and splash features.

### Buccaneer Cove at Castle Park — Riverside
**Rating:** 4.2 | **Features:** Accessible, Parking, Restrooms

A pirate-themed water play area within Castle Park, Riverside's family entertainment center. The themed splash zone adds character to a standard water play experience.

---

## Mountain and Resort Areas

### Water Park at Big Bear Watersports School — Big Bear Lake
**Type:** Water Park | **Rating:** 4.8 | **Features:** Accessible, Parking, Picnic Areas, Restrooms

The highest-rated water park in California at 4.8 stars. Big Bear Lake's water park offers a mountain setting with aquatic activities — a completely different vibe from the lowland water parks.

### Great Wolf Lodge — Garden Grove (Southern California)
**Type:** Indoor Water Play | **Admission:** Free (for guests) | **Rating:** 4.4 | **Features:** Shade

Year-round indoor waterpark in the Anaheim/Garden Grove area. Slides, wave pool, splash zones, and toddler areas — all climate-controlled. A strong rainy-day or winter option.

### Great Wolf Lodge — Manteca (Northern California)
**Type:** Resort Water Park | **Admission:** Free (for guests) | **Rating:** 4.2 | **Features:** Parking, Picnic Areas, Restrooms

Northern California's Great Wolf Lodge brings the same year-round indoor waterpark experience to the Central Valley, convenient for Bay Area and Sacramento families.

---

## Tips for Visiting California Splash Pads

**The season is long (or year-round):** In Southern California, many splash pads operate year-round or from March through November. Central Valley and Inland Empire facilities run the longest outdoor seasons due to extreme heat. Bay Area and Northern California typically follow the Memorial Day to Labor Day schedule.

**Free options dominate:** California has over 60 free splash pads and water play areas. City parks departments in Sacramento, San Diego, Irvine, and the Bay Area operate excellent free facilities. You don't need to pay theme park prices for quality water play.

**The Central Valley is the hottest:** Fresno, Bakersfield, and the Sacramento Valley regularly hit 100-110°F in summer. Splash pads and water parks in these areas are essential, not optional. Plan accordingly and bring extra water.

**Indoor options exist:** Great Wolf Lodge locations in Garden Grove and Manteca offer year-round indoor waterpark experiences — useful for winter visits or families who want guaranteed water play regardless of weather.

**Theme park water parks are premium:** Kings Farm's Soak City, Hurricane Harbor, Raging Waters, and Wild Rivers are all excellent but priced at the theme park level. For everyday splashing, the free community parks are the better play.

---

## Find All 160+ California Splash Pads

This guide highlights the best, but California has over 160 water play destinations. Browse the full directory for the complete list with hours, admission info, and links to each facility.

[Browse All California Splash Pads →](/state/california.html)
",Published,best-splash-pads-in-california,"Find the best splash pads in California for 2026 — Los Angeles, San Diego, San Francisco Bay Area, Sacramento, and more. Free and paid water play with ratings and tips.","California has over 160 splash pads, water parks, and aquatic centers — from San Diego's waterfront parks to Sacramento's community pools and everything in between. Here are the best, organized by region.",Best Splash Pads in California: Top Water Play Spots for Families (2026),https://lh3.googleusercontent.com/gps-cs-s/AHVAwervZigbRzRvvvZJXC4NE1oFfuNxSfRrK1mq6vS9k8tiwnKlEaKLudryti2qdmSx-YI_WoaEc3gJ1uCQQOneC9NIRAYEImOogwI2U0k0FtrGVhCPzdi2zKPwJXXFn_iUQREVJNxOiIm2le1J=w243-h244-n-k-no-nu,
2026-03-19,Splash Pad Locator Staff,"Arizona doesn't have a splash pad season — it has a splash pad necessity. When summer temperatures routinely hit 110 degrees in the Valley of the Sun and stay above 100 in Tucson, water play isn't recreation. It's how families survive June through September.

The good news: Arizona's cities know this, and they've invested accordingly. The Phoenix metro alone has dozens of splash pads, many of them free, operating from March through October. Tucson holds its own with quality community facilities. And the state's newer developments in Queen Creek, Surprise, and Chandler have built modern splash pads into their park systems from the start.

With over 65 splash pads and water play areas statewide, here are the best.

---

## Phoenix Metro: East Valley (Scottsdale, Chandler, Gilbert, Queen Creek)

### Sonoran Splash Pool — Scottsdale
**Admission:** Free | **Rating:** 4.8

The highest-rated free water play facility in the Phoenix metro. Scottsdale's Sonoran Splash Pool combines splash features with pool access at no cost — a remarkable offering for a city of this caliber. At 4.8 stars, families return here all summer.

### Mesquite Groves Aquatic Center — Chandler
**Type:** Aquatic Center | **Rating:** 4.7 | **Features:** Accessible, Parking, Restrooms

Chandler's premier aquatic facility offers pools, splash features, and slides in a modern complex. The 4.7 rating reflects well-maintained facilities and strong community support.

### Mansel Park — Queen Creek
**Rating:** 4.8

One of the highest-rated splash pads in the East Valley. Queen Creek's Mansel Park features a modern splash pad in a growing community that's invested heavily in family recreation.

### Riverview Park — Mesa
**Rating:** 4.5 | **Features:** Accessible, Parking, Playground, Restrooms

Mesa's Riverview Park offers splash features alongside a large playground and lake setting. The park's scale and amenities make it a full-day destination, not just a quick splash stop.

### Kiwanis Recreation Center — Tempe
**Rating:** 4.5

Tempe's community recreation center includes water play features in a central location near ASU and downtown Tempe. Easy access for families across the central Valley.

---

## Phoenix Metro: West Valley (Peoria, Surprise, Goodyear)

### Rio Vista Community Park — Peoria
**Rating:** 4.7

Peoria's flagship community park features a splash pad alongside extensive recreation facilities. At 4.7 stars, it's the best-rated splash destination in the West Valley.

### Rio Vista Recreation Center — Peoria
**Rating:** 4.7 | **Features:** Shade

Adjacent to the community park, the recreation center adds shaded water play options — critical in a region where shade is the difference between a fun visit and a dangerous one.

### Rescue Oasis — Surprise
**Rating:** 4.6

A well-rated splash pad in one of the Phoenix metro's fastest-growing cities. Surprise has invested in parks as its population has grown, and Rescue Oasis reflects that commitment.

---

## Central Phoenix and Tempe

### Kiwanis Park — Tempe
**Rating:** 4.5

A central Valley park with water play features, Kiwanis Park is a Tempe landmark with decades of community history behind it.

### Copper Sky — Maricopa
**Rating:** 4.5 | **Features:** Accessible, Parking, Restrooms

South of Phoenix in Maricopa, Copper Sky offers a modern splash pad in a community that's grown rapidly. The facility includes accessible design and full amenities.

---

## Tucson

### Palo Verde Park Splash Pad — Tucson
**Rating:** 5.0

A perfect 5.0 rating — the highest in all of Arizona. Tucson's Palo Verde Park splash pad earns top marks from families. Free, well-maintained, and beloved by the community.

### Clements Splash Pad — Tucson
**Rating:** 4.8

Another top-rated Tucson splash pad at 4.8 stars. Clements provides quality water play in the Old Pueblo's parks system.

### Agua Caliente Regional Park — Tucson
**Rating:** 4.8 | **Features:** Picnic Areas

A beautiful regional park on Tucson's east side with water features and picnic areas. The desert landscape setting makes it one of the more scenic splash pad locations in the state.

### Trail Dust Town — Tucson
**Rating:** 4.6

A unique Tucson attraction that combines Old West theming with water play and family entertainment. The themed environment gives it character that standard parks lack.

### Brandi Fenton Memorial Park — Tucson
**Admission:** Free | **Rating:** 4.5 | **Features:** Accessible, Parking, Playground, Restrooms

A free community park with splash features, playground, and full amenities. One of Tucson's strongest all-around family parks.

---

## Water Parks and Larger Attractions

### Six Flags Hurricane Harbor Phoenix — Glendale
**Type:** Water Park | **Rating:** 4.2 | **Features:** Accessible, Parking, Picnic Areas, Restrooms

The Valley's largest water park, Hurricane Harbor (formerly Wet 'n' Wild Phoenix) offers slides, a wave pool, lazy river, and dedicated kids' splash zones. A full-day paid attraction for families who want the full water park experience.

### Sunsplash — Mesa
**Type:** Water Park | **Rating:** 4.2 | **Features:** Picnic Areas, Restrooms

A Mesa institution, Sunsplash delivers slides, pools, and splash areas in a water park that's been serving Valley families for decades.

### Great Wolf Lodge — Scottsdale
**Type:** Indoor Water Play | **Rating:** 4.3 | **Features:** Shade

Year-round indoor waterpark attached to the resort. Arizona's Great Wolf Lodge gives families a climate-controlled option when even splash pads feel too hot in the peak of summer — and yes, it can get that hot.

---

## Tips for Visiting Arizona Splash Pads

**The season is long — but watch the extremes.** Many splash pads operate March through October. However, in June through August, even splash pads can be uncomfortable in the peak afternoon heat (2-5pm). The ground surfaces, metal fixtures, and surrounding concrete absorb and radiate heat at dangerous levels.

**Go early or late.** The best times to visit an Arizona splash pad are early morning (before 10am) or late afternoon (after 5pm, when the sun angle drops). Midday visits from June through August require extreme caution.

**Touch surfaces first.** Metal splash pad nozzles and surrounding concrete can cause burns in direct Arizona sun. Always touch surfaces with your hand before letting kids sit or play on them. Water shoes are essential, not optional.

**Hydrate beyond what feels necessary.** Arizona's dry heat dehydrates faster than humid heat because you don't feel yourself sweating. Bring twice as much water as you think you need. For toddlers, offer water every 15-20 minutes.

**Free options are strong.** Arizona has 19 free splash pads across the state. Scottsdale, Tucson, and the newer East Valley communities lead with free facilities that rival paid attractions in quality.

---

## Find All 65+ Arizona Splash Pads

This guide covers the highlights, but Arizona has over 65 water play destinations statewide. Browse the full directory for the complete list.

[Browse All Arizona Splash Pads →](/state/arizona.html)
",Published,best-splash-pads-in-arizona,"Find the best splash pads in Arizona for 2026 — Phoenix, Scottsdale, Tucson, Chandler, Peoria, and more. Free and paid water play with ratings, features, and tips for desert families.","When Arizona hits 110 degrees, splash pads aren't optional — they're survival. With 65+ water play areas from Phoenix to Tucson, here are the best splash pads in Arizona, organized by region.",Best Splash Pads in Arizona: Top Water Play Spots for Families (2026),https://www.mesaaz.gov/files/assets/public/v/1/activities-culture/prcf/parks/park-images/riverview-splash-pad.jpg?dimension=pageimagefullwidth&w=1140,
2026-03-31,Splash Pad Locator Staff,"Your toddler's first splash pad visit is one of those parenting moments that can go either way. Some kids sprint into the sprinklers like they've been waiting their whole lives for this. Others take one look at the water jets and decide they'd rather observe from a safe distance — ideally from behind your legs.

Both reactions are completely normal. And with a little preparation, you can set up a first visit that works regardless of where your toddler lands on the splash pad enthusiasm spectrum.

Here's everything you need to know.

---

## What Age Can Toddlers Start at Splash Pads?

Most splash pads are safe for children who can walk steadily — typically around 12-18 months. Ground-level splash pads with zero standing water are ideal for this age because there's no drowning risk from pooled water. The water jets spray up from the ground and drain immediately.

That said, every child develops differently. Some 10-month-olds are confident walkers who love water. Some 2-year-olds are cautious and prefer to watch first. There's no wrong age to start — just match the splash pad's intensity to your child's comfort level.

**A good rule of thumb:** If your toddler can walk independently on a wet surface without falling constantly, they're ready for a gentle splash pad.

---

## Choosing the Right Splash Pad for a First Visit

Not all splash pads are created equal for toddlers. For a first visit, look for:

### Gentle Features
Avoid splash pads where the primary features are high-pressure jets, dumping buckets, or water cannons. These are exciting for older kids but can overwhelm or frighten a toddler on their first visit. Look for facilities with:
- Low ground-level bubblers and gentle spray nozzles
- A variety of water intensities (so your toddler can choose their comfort level)
- Separate toddler areas away from the high-energy zones

### Small to Medium Size
A massive splash pad with 50 features and 200 kids is sensory overload for a first timer. A smaller neighborhood splash pad with a handful of features and fewer crowds gives your toddler space to explore at their own pace.

### Good Sightlines
Choose a splash pad where you can see the entire play area from wherever you're sitting. Toddlers wander, and you need to be able to track them without obstacles blocking your view.

### Restrooms and Shade
Practical but important. A first visit with a toddler involves diaper changes, outfit changes, and shade breaks. Having restrooms and a shaded area nearby makes everything easier.

[Find toddler-friendly splash pads near you →](/category/toddlers.html)

---

## What to Bring

Pack more than you think you need. Toddler splash pad visits involve a surprising amount of gear for what seems like a simple activity.

### The Essentials
- **Swim diaper** — regular diapers absorb water and become waterlogged. Reusable swim diapers are more comfortable and cost-effective for repeat visits
- **Swimsuit or quick-dry clothes** — a rash guard with UPF protection doubles as sun protection
- **Sunscreen (SPF 50+)** — apply 15-20 minutes before water exposure and reapply every 90 minutes
- **Water shoes** — splash pad surfaces get hot in direct sun and can be slippery when wet. Flexible water shoes with grip protect little feet
- **2-3 towels** — one is never enough with a toddler
- **Change of dry clothes** for the ride home

### Nice to Have
- **A portable shade tent or large umbrella** — for breaks and gear storage
- **Snacks in sealed containers** — water play is tiring and hungry-making
- **A waterproof bag** for wet clothes after
- **A favorite small toy** — having something familiar can help a hesitant toddler feel more comfortable near the water
- **An extra set of clothes for you** — toddlers have a way of pulling parents into the splash zone

---

## What to Expect: The First Visit

### The Assessment Phase (5-15 minutes)
Most toddlers don't run straight into the water. They stand at the edge, watching. They study the jets, watch other kids, and try to figure out what's happening. This observation period is important — they're building a mental map of the space and deciding whether it feels safe.

**What to do:** Don't rush them. Sit near the edge with them. Let them watch. Narrate what's happening: ""Look, that water goes up and comes back down. That little girl is walking through it."" This builds familiarity without pressure.

### The Approach (varies)
Once they're ready, most toddlers approach the water cautiously. They might:
- Touch the edge of a puddle with one foot
- Reach a hand toward a low bubbler
- Follow an older child who looks like they're having fun
- Walk toward you if you've positioned yourself near a gentle feature

**What to do:** Position yourself near the gentlest feature on the splash pad. If you're standing in or near the water, your toddler is more likely to come to you. Let them come at their own pace.

### The Reaction
This is where it gets unpredictable:

**The Enthusiast:** Some toddlers immediately love it. They'll splash, stomp, run through sprayers, and try to eat the water (they all try to eat the water). Your job is just to stay close and let them explore.

**The Cautious Explorer:** Many toddlers will engage slowly. They'll play with the edges — puddles, gentle bubblers, water that pools in low spots. They may not go near the big features on the first visit, and that's perfectly fine. The edges are where the best toddler play happens.

**The Observer:** Some toddlers decide that watching is enough for today. They'll sit on your lap near the splash pad and watch other kids play. This is not a failed visit — it's exposure. Many toddlers who observe on visit one are splashing confidently by visit three.

**The Nope:** A small number of toddlers will be frightened by the noise, the crowds, or the unpredictability of the water. If your toddler cries and wants to leave, leave. Don't force it. Come back another day when it's less crowded, or try a different splash pad with gentler features. Forcing a scared toddler into water creates negative associations that are hard to undo.

---

## Safety Tips for Toddlers at Splash Pads

### Stay Within Arm's Reach
Even though splash pads have no standing water, toddlers can still slip on wet surfaces and hit their heads, or wander toward areas with more intense water features. Stay close enough to catch them if they fall.

### Watch for Hot Surfaces
Metal splash pad features and surrounding concrete can get scorching hot in direct sun. Touch surfaces with your hand before letting your toddler sit or play on them. Water shoes help, but hot metal nozzles can still burn bare skin.

### Manage Sun Exposure
Toddlers burn faster than adults. Apply sunscreen before you leave the house, reapply after water exposure, and take shade breaks every 30-45 minutes. A rash guard with UPF 50 protection reduces the surface area you need to cover with sunscreen.

### Hydration
Toddlers don't always tell you they're thirsty, especially when they're having fun. Offer water every 20-30 minutes. Signs of overheating in toddlers include flushed cheeks, crankiness, and reduced energy.

### The Drinking-the-Water Issue
Your toddler will try to drink the splash pad water. Every toddler does. Splash pad water is typically treated and recirculated, but it's not drinking water. Redirect them to their water bottle when you see it happening, but don't panic — a few sips won't cause harm in most cases.

---

## How to Build Splash Pad Confidence Over Multiple Visits

The first visit sets the foundation. Here's how to build from there:

**Visit the same splash pad 2-3 times before trying a new one.** Familiarity builds confidence. Your toddler will remember the layout, the features, and the routine, which frees them to explore further each time.

**Go during off-peak times.** Early morning (right at opening) and late afternoon are less crowded. Fewer kids means less noise, more space, and less overwhelm for a toddler who's still building comfort.

**Let them lead.** Resist the urge to carry your toddler to the ""fun"" features. Let them choose where to go and what to explore. The developmental value of splash pad play comes from self-directed exploration, not guided activities.

**Celebrate small wins.** If your cautious toddler touched a bubbler today when they wouldn't go near one last week, that's progress. Name it: ""You touched the water! That was brave."" Positive reinforcement builds the confidence loop.

---

## When to Go Home

Toddler splash pad visits have a natural arc: excitement, exploration, peak fun, and then a rapid decline into overtired crankiness. The sweet spot for most toddlers is 30-60 minutes of active play.

Watch for these signs that it's time to wrap up:
- Rubbing eyes or ears
- Increased clumsiness (more falls than usual)
- Cranky behavior that wasn't there 10 minutes ago
- Saying ""up"" or wanting to be held constantly
- Shivering (even on warm days, wet toddlers can get cold)

Leave before the meltdown, not during it. A visit that ends on a positive note makes the next visit easier.

---

## The Big Picture

Your toddler's first splash pad visit isn't about maximizing play time or making sure they use every feature. It's about creating a positive first association with water play in a safe, zero-pressure environment.

If they splash for an hour — great. If they watch from your lap for 20 minutes and then want to go to the playground instead — also great. The splash pad will be there next week, and the week after that.

The best first visits are the ones where your toddler leaves thinking: ""I'd like to go back.""

[Find toddler-friendly splash pads near you →](/category/toddlers.html)
",Published,toddlers-first-splash-pad-what-to-expect,"A parent's guide to your toddler's first splash pad visit. What to expect, what to pack, how to handle hesitation, safety tips, and how to choose the right splash pad for young children.","Taking a toddler to a splash pad for the first time? Here's what to expect, what to bring, how to handle the fear and excitement, and how to make the first visit a great one.",Your Toddler's First Splash Pad: What to Expect and How to Prepare,https://res.cloudinary.com/dnmrgvjdm/image/upload/v1773847001/FirstSplashPad_hysuzv.png,
2026-03-25,Splash Pad Locator Staff,"Every summer, millions of American kids run through ground-level water jets, dodge timed sprayers, and shriek their way across interactive spray parks in communities from coast to coast. Splash pads are so common now that it's easy to forget they haven't always been here.

The truth is, the modern splash pad is the result of over a century of evolution — from the most basic forms of urban water play to the engineered, recirculating spray parks that cities invest millions in today. It's a story about public health, urban planning, child safety, municipal budgets, and the simple, persistent human desire to cool off in the summer.

---

## The Beginning: Fire Hydrants and Street Play (Early 1900s)

The oldest form of public splash play in America wasn't designed at all. It was improvised.

In the early 20th century, children in dense urban neighborhoods — particularly in New York, Chicago, and Philadelphia — opened fire hydrants during heat waves to create makeshift water play in the streets. The practice was technically illegal (it reduced water pressure for firefighting), but it was so widespread and so necessary that cities couldn't stop it.

By the 1930s, some cities began installing spray caps on hydrants — metal attachments that reduced the flow from a full-pressure blast to a gentler fan-shaped spray. New York City eventually formalized the practice, allowing residents to request spray caps from the fire department during summer months. The spray cap program still exists today.

This was the first acknowledgment by city governments that public water play wasn't just mischief — it was a genuine community need.

---

## Wading Pools and Concrete Play Areas (1920s–1960s)

As cities grew and urban planning became more formalized, parks departments began building dedicated water play facilities. The earliest versions were simple concrete wading pools — shallow basins filled with standing water, typically 6-12 inches deep.

Wading pools appeared in city parks across the country from the 1920s through the 1960s. They were inexpensive to build, required no mechanical systems beyond a water supply and a drain, and gave children a safe place to cool off under the watch of parents and recreation staff.

But wading pools had problems:

- **Hygiene:** Standing water with dozens of children created sanitation concerns. Diaper-age children, in particular, introduced bacteria into shared water that didn't circulate or filter.
- **Drowning risk:** Even shallow standing water posed a drowning hazard for very young children. Incidents were rare but real.
- **Maintenance:** Concrete pools cracked, drains clogged, and the daily fill-and-drain cycle consumed significant water.

By the 1970s and 1980s, many cities had begun questioning whether wading pools were the best approach to public water play. The search for something better had begun.

---

## The Spray Shower Era (1970s–1990s)

The next evolution came in the form of spray showers and spray decks — above-ground spray features that eliminated standing water entirely.

New York City was a pioneer here. The Parks Department began installing spray showers in playgrounds across the five boroughs, eventually building one of the largest networks of public spray features in the world. Other cities followed: Chicago, Philadelphia, Los Angeles, and dozens of smaller municipalities added spray features to their parks.

The key innovation was the concept of **zero-depth water play**. By eliminating standing water and using only spray features that drained immediately, cities solved the two biggest problems of wading pools:

1. **No drowning risk** from standing water
2. **Better hygiene** because water didn't pool and stagnate

Early spray features were simple — often just a few vertical pipes with spray heads attached to a concrete pad with a central drain. They weren't interactive or programmable. They just sprayed. But they worked, and they were dramatically safer than wading pools.

---

## The Modern Splash Pad Emerges (1990s–2000s)

The term ""splash pad"" entered common use in the 1990s as water play technology advanced significantly. Several developments converged:

### Recirculating Water Systems
Early spray features used potable water on a flow-through basis — clean water in, drain to waste. This was expensive and wasteful. In the 1990s, manufacturers developed recirculating systems that filtered, treated, and reused water, dramatically reducing water consumption and operating costs. This made larger, more elaborate spray parks economically feasible for municipal budgets.

### Interactive and Programmable Features
Water play equipment manufacturers began developing features that went far beyond simple spray heads. Ground-level jets that activated on timers or motion sensors, dumping buckets, water cannons, misting arches, and themed spray sculptures all appeared during this period. The splash pad evolved from a wet concrete slab into an interactive play environment.

### Safety Standards
The industry developed voluntary safety standards for splash pad design, including non-slip surfaces, water quality guidelines, and accessibility requirements. Organizations like the Association of Pool and Spa Professionals (APSP) published guidelines that helped municipalities design safer facilities.

### The ADA Factor
The Americans with Disabilities Act (1990) influenced splash pad design by requiring accessible public recreation facilities. Zero-depth splash pads, with their flat ground-level surfaces and no barriers to entry, became a model for inclusive water play. A child in a wheelchair could roll directly into a splash pad's spray zone — something impossible with a traditional pool or wading area.

---

## The Boom: Splash Pads Go Mainstream (2000s–2010s)

The 2000s saw an explosion of splash pad construction across the United States. Several factors drove the boom:

### Cost Advantage Over Pools
A community splash pad costs a fraction of what a swimming pool costs to build and operate. No lifeguards are required for zero-depth facilities (in most jurisdictions), insurance costs are lower, and maintenance is simpler. For cash-strapped municipal budgets, a splash pad delivered more recreational value per dollar than any alternative.

### Liability Reduction
Swimming pools carry significant liability exposure — drowning incidents, slip-and-fall injuries, diving accidents. Splash pads, with no standing water and ground-level features, dramatically reduced the liability profile. Risk managers and city attorneys favored them for this reason alone.

### Parent Demand
As millennial parents entered the family-formation years, demand for safe, accessible, outdoor play spaces grew. Splash pads fit perfectly: they were free (or cheap), required no swimming ability, welcomed all ages from babies to grandparents, and provided the unstructured outdoor play that pediatricians and child development experts were recommending.

### The Inclusive Play Movement
The broader movement toward inclusive playground design embraced splash pads as a model. Zero-depth, barrier-free, sensory-rich, and welcoming to children of all abilities — splash pads checked every box on the inclusive design checklist.

---

## Where We Are Today (2020s)

The modern American splash pad is a sophisticated piece of recreation infrastructure. Today's facilities feature:

- **Dozens of interactive features** — ground jets, timed sprayers, motion-activated streams, misting arches, dumping buckets, and water tables
- **Recirculating and UV-treated water systems** that conserve water and maintain quality
- **Themed designs** that transform a concrete pad into a pirate ship, a rainforest, or a beach scene
- **Accessible, inclusive design** built to ADA standards from the ground up
- **Smart controls** that allow parks departments to adjust water pressure, timing, and feature activation remotely

The industry has matured to the point where specialized manufacturers (Vortex, Waterplay, Rain Deck, and others) design and install splash pads as turnkey projects for municipalities, HOAs, hotels, and private developers.

**The numbers tell the story:** There are now thousands of splash pads across all 50 states. SplashPadLocator.com alone lists over 3,000 facilities nationwide, and new ones are being built every year as communities continue to invest in this proven form of public recreation.

---

## Why Splash Pads Won

The splash pad succeeded where other public water play options struggled because it solved multiple problems simultaneously:

| Challenge | Pool Solution | Splash Pad Solution |
|---|---|---|
| Drowning risk | Lifeguards required | Zero standing water — no drowning risk |
| Cost to build | $1M–$5M+ | $100K–$500K typical |
| Annual operating cost | $100K–$300K+ (staff, chemicals, insurance) | $10K–$50K (no staff, lower insurance) |
| Accessibility | Stairs, ladders, depth changes | Flat, ground-level, wheelchair accessible |
| Age range | Swimming ability required | All ages, no ability required |
| Season length | Lifeguard availability limits hours | Can operate dawn to dusk, unmanned |

The math was overwhelming. For a fraction of the cost, a community could provide water play that was safer, more inclusive, less expensive to operate, and available to more people for more hours of the day.

---

## The Future

Splash pads continue to evolve. Current trends include:

- **Water conservation technology** — closed-loop systems that reduce water usage by 70-90% compared to flow-through designs
- **Solar-powered systems** that reduce operating costs further
- **Nature-integrated designs** that incorporate natural water features, plants, and organic materials
- **Smart splash pads** with app-controlled features that let parents customize the experience
- **Year-round indoor splash pads** in climates where outdoor operation is seasonal

What started with kids opening fire hydrants in early 20th-century New York has become a nationwide infrastructure category — one that serves millions of families every summer and continues to grow.

The next time you watch your kids run through a modern splash pad with its timed jets, motion sensors, and perfectly drained surfaces, remember: this was a century in the making.

---

[Find a splash pad near you →](/)",Published,history-of-splash-pads-in-america,The history of splash pads in America — from fire hydrants and concrete wading pools to the modern interactive spray parks found in communities across all 50 states.,"Splash pads didn't appear overnight. From open fire hydrants in 1900s New York to the modern interactive spray parks in thousands of communities today, here's how America's favorite zero-depth water play areas came to be.",The History of Splash Pads in America: From Fire Hydrants to Interactive Spray Parks,https://res.cloudinary.com/dnmrgvjdm/image/upload/v1773861123/EarlyTimesPlayingFireHydrant_mu6fhd.png,
2026-04-10,Splash Pad Locator Staff,"North Carolina's climate is a splash pad sweet spot — hot enough to need water play from May through September, but with enough variety across mountains, piedmont, and coast to create different splash pad experiences depending on where you are. The state has over 85 splash pads and water play areas, with a strong showing of free community options thanks to active parks and recreation departments across the Tar Heel State.

Whether you're in Charlotte, the Triangle, or heading to the beach, there's a splash pad nearby.

---

## Charlotte and the Piedmont

Charlotte and its suburbs have invested in splash pads as the metro area has grown, giving families across Mecklenburg and surrounding counties strong water play options.

### U.S. National Whitewater Center — Charlotte
**Type:** Water Park | **Rating:** 4.7 | **Features:** Picnic Areas, Restrooms

Not your typical splash pad — the Whitewater Center is a world-class outdoor recreation facility with whitewater rafting, kayaking, and splash zones alongside trails and climbing. The water play areas give families access to water fun in a setting that's unlike anything else in North Carolina. The 4.7 rating reflects the quality of the entire complex.

### Ray's Splash Planet — Charlotte
**Type:** Indoor Water Play | **Rating:** 4.3 | **Features:** Accessible, Parking, Restrooms

Charlotte's indoor water play destination. Ray's Splash Planet operates year-round with slides, spray features, and pools in a climate-controlled facility. A strong rainy-day or off-season option for Charlotte families.

### Latta Nature Preserve — Huntersville
**Rating:** 4.6

A nature preserve north of Charlotte that combines splash features with trails and outdoor education. The natural setting gives it a different character than urban spray parks.

### Colonel Francis J. Beatty Park — Charlotte
**Rating:** 4.5 | **Features:** Accessible, Parking, Restrooms

A well-rated community park in South Charlotte with splash features and full amenities. A reliable go-to for families in the southern part of the metro.

---

## Raleigh-Durham and the Triangle

### Pullen Park — Raleigh
**Admission:** Free | **Rating:** 4.7 | **Features:** Accessible, Parking, Playground

Raleigh's beloved Pullen Park — one of the oldest amusement parks in the country — includes splash features alongside its carousel, train, and paddle boats. Free admission and a 4.7 rating make it one of the best family destinations in the Triangle.

### Ernest Garrett Sr. Memorial Natatorium — Durham
**Type:** Aquatic Center | **Admission:** Free | **Rating:** 5.0 | **Features:** Accessible, Parking, Restrooms

A perfect 5.0 rating and free admission — the highest-rated aquatic facility in all of North Carolina. Durham's natatorium offers pools and water play at no cost. A genuine community treasure.

### Taishoff Aquatics Pavilion — Durham
**Rating:** 4.8 | **Features:** Accessible, Parking, Picnic Areas

Another top-rated Durham aquatic facility at 4.8 stars. The Triangle's commitment to public aquatics shows in these facilities.

### Angel Island Fun Park — Durham
**Admission:** Free | **Rating:** 4.9

A free family fun park in Durham with water play features and a 4.9 rating. Between this, the natatorium, and the Taishoff Pavilion, Durham has three of the top-rated water play facilities in the state.

### Family Water Adventures — Hatteras
**Admission:** Free | **Rating:** 4.9 | **Features:** Accessible, Parking, Restrooms

Listed under Hatteras but serving the broader Triangle market, Family Water Adventures earns a 4.9 rating with free admission. A standout facility.

---

## Winston-Salem and the Triad

### Hathaway Park — Winston-Salem
**Rating:** 4.4

Winston-Salem's Hathaway Park offers splash pad features in the Triad's largest city. A solid community option for Forsyth County families.

### Fun Junction — Elizabeth City
**Rating:** 4.5

A family entertainment center in the northeastern part of the state with water play features. The 4.5 rating reflects solid family appeal.

---

## Wilmington and the Coast

### Water Street Park — Wilmington
**Rating:** 4.7

Wilmington's downtown waterfront park features splash pad elements with views of the Cape Fear River. The 4.7 rating and walkable downtown location make it a highlight for both locals and visitors.

### Town Center Park — Ocean Isle Beach
**Admission:** Free | **Rating:** 4.8

One of the highest-rated splash pads on the North Carolina coast. Ocean Isle Beach's Town Center Park offers free water play steps from the beach — because sometimes even beach kids want a splash pad.

### Jungle Rapids Family Fun Park — Wilmington
**Type:** Water Park | **Rating:** 4.3 | **Features:** Picnic Areas, Restrooms

Wilmington's family entertainment complex includes a water park section with slides and splash features alongside other attractions. A full-day option for coastal families.

---

## The Mountains (Asheville and Western NC)

### Wilson Splash Pad (All Children's) — Elm City
**Rating:** 4.8

A highly rated splash pad in the eastern foothills with a 4.8 rating. The ""All Children's"" designation suggests inclusive, accessible design.

### Dobson Splash Pad — Dobson
**Rating:** 4.8 | **Features:** Accessible, Parking, Playground

A small-town splash pad with a big rating. Dobson's facility at 4.8 stars proves that quality water play isn't limited to big cities. Accessible design, parking, and a playground make it a complete family stop.

---

## Smaller Towns Worth the Drive

### Lake Norman State Park — Troutman
**Rating:** 4.7 | **Features:** Picnic Areas

A state park near Lake Norman with water play in a natural setting. The combination of lake access, trails, and splash features makes it a unique day trip.

### Spring Lake Splash Pad — Spring Lake
**Rating:** 4.5 | **Features:** Accessible, Parking, Playground, Restrooms

A well-equipped community splash pad near Fort Liberty (formerly Fort Bragg). Full amenities and a 4.5 rating serve the military and civilian families in the Fayetteville area.

### Heritage Park — Indian Trail
**Admission:** Free | **Rating:** 4.6

A free splash pad in the fast-growing Union County area southeast of Charlotte. Heritage Park gives Indian Trail families a quality free option close to home.

---

## Tips for Visiting North Carolina Splash Pads

**Season runs May through September.** North Carolina's splash pad season typically opens in mid-May and closes after Labor Day. Mountain areas may open later (June) and close earlier (mid-August) due to cooler temperatures.

**The Triangle punches above its weight.** Durham alone has three of the top-rated water play facilities in the state (5.0, 4.9, 4.8). If you're in the Raleigh-Durham area, you're spoiled for choice.

**Free options are strong.** North Carolina has 36 free splash pads — nearly half its total. Communities across the state have made free water play a priority, and the quality of free facilities often matches the paid ones.

**Coastal splash pads complement the beach.** The beach towns along the NC coast have added splash pads that give families an alternative to sand and surf. If the ocean is too rough for little ones, the nearby splash pad is the perfect backup plan.

**Mountain weather is unpredictable.** If you're visiting splash pads in western NC, be prepared for afternoon thunderstorms in summer. Morning visits are more reliable weather-wise.

---

## Find All 85+ North Carolina Splash Pads

This guide covers the best, but North Carolina has over 85 water play destinations statewide. Browse the full directory for the complete list.

[Browse All North Carolina Splash Pads →](/state/north-carolina.html)",Published,best-splash-pads-in-north-carolina,"Find the best splash pads in North Carolina for 2026 — Charlotte, Raleigh, Durham, Wilmington, Asheville, and more. Free and paid water play with ratings and tips.","North Carolina has 85+ splash pads, aquatic centers, and water play areas — from Charlotte's community parks to the Outer Banks and the Blue Ridge Mountains. Here are the best, organized by region.",Best Splash Pads in North Carolina: Top Water Play Spots for Families (2026),https://www.townofspringlake.com/wp-content/uploads/2019/06/looking-down-through-the-rings-on-the-splash-pad-300x225.jpg,
2026-03-29,Splash Pad Locator Staff,"It's a question that comes up every summer in parenting groups, neighborhood forums, and family text threads: should we take the kids to the splash pad or the pool?

The honest answer is that both are great — but they serve different purposes, work better for different ages, and come with different trade-offs. A splash pad visit and a pool visit are fundamentally different experiences, and understanding those differences helps you choose the right one for your family on any given day.

Here's an honest comparison.

---

## Safety

This is the factor most parents care about first, and it's where the biggest difference lies.

### Splash Pads
Modern splash pads are designed with **zero-depth water play** — water sprays up from ground-level features and drains immediately. There is no standing water. This eliminates the drowning risk that is inherent in any body of standing water.

That doesn't mean splash pads are risk-free. Children can slip on wet surfaces, trip over features, or collide with other kids running through the spray. But these are scrapes-and-bruises risks, not life-threatening ones.

Most community splash pads do not require lifeguards because there's no standing water to guard. This means they can operate longer hours with lower staffing costs — but it also means parent supervision is the only supervision.

### Pools
Swimming pools involve standing water, which means drowning is a real and present risk. The CDC reports that drowning is the leading cause of death for children ages 1-4, and the second leading cause for ages 5-14. Pools with lifeguards mitigate this risk significantly, but the risk never reaches zero as long as standing water is present.

Pools also require that children either know how to swim or wear flotation devices, which adds a layer of preparation and equipment that splash pads don't require.

### Verdict
**For children under 4 who can't swim:** Splash pads are significantly safer. The zero-depth design eliminates the drowning risk entirely.

**For children who can swim:** Pools are safe with proper supervision and lifeguards, and they offer a more complete aquatic experience.

---

## Cost

### Splash Pads
The majority of community splash pads are **free**. They're operated by city parks departments and funded by municipal budgets. You walk up, play, and leave. No admission, no membership, no locker rental.

Even paid splash pads at water parks and resorts are typically less expensive than pool admission because they don't require lifeguard staffing.

### Pools
Community pools typically charge daily admission ($3-$10 per person) or require a seasonal membership ($50-$200+ per family). Private pool memberships can run $500-$2,000+ per summer. Add in swim lessons, which most families consider a necessary investment, and the cost profile is significantly higher.

### Verdict
**Splash pads win on cost** — often by a wide margin. Free vs. paid is a meaningful difference for families who want to visit multiple times per week throughout the summer.

---

## Age Appropriateness

### Splash Pads
Splash pads shine for the **under-5 crowd**. Toddlers who can barely walk can toddle through a gentle bubbler. Two-year-olds can stomp in puddles. Three-year-olds can chase each other through spray jets. No swimming ability is required. No flotation devices needed. No depth to navigate.

For older kids (8+), splash pads can start to feel ""too young"" — the features are designed primarily for younger children, and there's less challenge than a pool with diving boards, lap lanes, and deep water.

### Pools
Pools come into their own for **school-age kids and up**. Once children can swim, a pool offers experiences a splash pad can't — diving, underwater play, lap swimming, water games with depth, and the physical challenge of swimming itself.

For toddlers and non-swimmers, pools are more stressful (for both kids and parents) because constant vigilance around standing water is required.

### Verdict
**Under 5: Splash pads.** The zero-depth design is purpose-built for this age group.
**Over 7: Pools.** Older kids want depth, diving, and the challenge of swimming.
**5-7: Both work.** This is the transition age where kids can enjoy splash pads and are starting to develop swimming skills for pools.

---

## Supervision Requirements

### Splash Pads
You need to watch your kids, but the stakes are lower. There's no standing water to guard against, so the supervision is more about preventing collisions and making sure they don't wander out of the splash pad area. Many parents sit on a nearby bench within eyesight — something that's generally not appropriate at a pool.

### Pools
Pool supervision must be active, constant, and close. The American Academy of Pediatrics recommends ""touch supervision"" for children under 5 at pools — meaning a parent should be within arm's reach at all times. Even with lifeguards present, parents are the primary line of defense against drowning.

This is exhausting. An hour of pool supervision for a toddler parent is significantly more tiring than an hour of splash pad supervision.

### Verdict
**Splash pads are less demanding** on parents. This matters — especially for parents with multiple children of different ages, or for parents who are solo-supervising.

---

## Developmental Value

### Splash Pads
Splash pads provide excellent motor development opportunities — running on wet surfaces, dodging sprayers, pouring and scooping water, and navigating unpredictable spray patterns all build balance, coordination, and spatial awareness. The sensory input from water play (temperature, pressure, texture) supports sensory processing development in young children.

### Pools
Pools offer everything splash pads do plus the unique developmental benefits of actual swimming — bilateral coordination, breath control, buoyancy awareness, and the physical confidence that comes from learning a lifesaving skill. Swimming is one of the most complete physical activities available to children.

### Verdict
**Both are valuable.** Splash pads excel at motor development for the youngest children. Pools add swimming-specific skills that splash pads can't provide. They're complementary, not competing.

---

## Convenience

### Splash Pads
Walk up, play, leave. No changing rooms required (though they're nice to have). No shower before entering. No swimming test. No wristbands. Many families visit splash pads in regular clothes — just strip down to a swimsuit or even play in shorts and a t-shirt.

### Pools
Pools involve more logistics: swimsuit required, shower before entry (at many facilities), possible swim test for unaccompanied children, locker rental, admission payment, and the full towel-dry-change routine afterward.

### Verdict
**Splash pads win on convenience.** The low barrier to entry is one of the main reasons families visit splash pads more frequently than pools — a splash pad visit can be spontaneous. A pool visit usually requires planning.

---

## Social Experience

### Splash Pads
Splash pads tend to be more communal and unstructured. Kids of all ages share the same space, create their own games, and interact freely. There's no lane assignment, no shallow-end/deep-end division, and no structured activity. This makes splash pads excellent for social play — kids naturally team up, chase each other, and play together.

### Pools
Pools offer a more structured social experience — swim teams, water polo, diving groups, and swim lessons create built-in social circles. For school-age children, pools become social hubs in a way that splash pads typically don't.

### Verdict
**Splash pads for unstructured social play.** **Pools for structured social activities.** Both are valuable at different ages.

---

## The Bottom Line: They're Complementary, Not Competing

The best answer to ""splash pad or pool?"" is: both, at different times and for different reasons.

**Choose a splash pad when:**
- Your children are under 5
- You want a free, spontaneous outing
- You're looking for low-stress supervision
- Swimming skills aren't developed yet
- You want sensory-rich play without drowning risk

**Choose a pool when:**
- Your children can swim (or are learning)
- You want structured water activities (lessons, teams)
- Older kids want depth and diving
- You're willing to invest the time and cost for a more complete aquatic experience

**Use both when:**
- You have children of mixed ages (toddler + school-age)
- You want variety across the summer
- You're building water comfort before starting swim lessons

Splash pads are where water play begins. Pools are where it deepens. Both deserve a place in your family's summer.

---

[Find a splash pad near you →](/)",Published,splash-pads-vs-pools-which-is-better-for-young-kids,"Splash pads vs. swimming pools for young kids — an honest comparison of safety, cost, supervision, accessibility, and developmental value. Which is better for your family?","Splash pads and swimming pools both offer water play, but they're very different experiences — especially for young children. Here's an honest comparison covering safety, cost, accessibility, and which one fits your family best.",Splash Pads vs. Pools: Which is Better for Young Kids?,https://res.cloudinary.com/dnmrgvjdm/image/upload/v1773862118/PoolVsSplashPad_scc2c7.png,
2026-02-27,Splash Pad Locator Team  ,"Illinois families are lucky — the state has one of the largest collections of splash pads, spray parks, and water play areas in the Midwest. Whether you're in the Chicago suburbs, downstate, or anywhere in between, there's likely a splash pad within a reasonable drive.

Here are some of the best splash pads in Illinois, covering everything from free neighborhood spray parks to full-scale water parks.

## Chicago Suburbs

The suburbs west and north of Chicago are home to some of the best water play facilities in the state.

**Raging Waves Waterpark — Yorkville**
One of Illinois' largest outdoor water parks, Raging Waves features thrilling slides, a lazy river, a wave pool, and dedicated splash pad areas for younger kids. It's a full-day destination for families with kids of all ages.

**Seafari Springs Aquatic Center — Hanover Park**
A popular community aquatic center with a splash pad, water slides, and a pool. Well-maintained and family-friendly, it's a great option for northwest suburban families.

**Coral Cove Water Park — Carol Stream**
Coral Cove offers a water slide, splash pad features, and a pool in a well-shaded setting. One of the better free-with-admission options in DuPage County.

**Turtle Splash Water Park — West Chicago**
Part of the West Chicago Park District, Turtle Splash has a dedicated zero-depth splash pad alongside slides and a pool. Great for toddlers and younger children.

**Pelican Harbor Aquatic Park — Bolingbrook**
A large aquatic facility with a zero-depth splash zone, water slides, and a leisure pool. Very popular in summer — arrive early on weekends.

**Paradise Bay Water Park — Lombard**
Paradise Bay features water slides, a splash pad, and a leisure pool. Part of the Lombard Park District and reasonably priced for residents.

**Hidden Creek AquaPark — Highland Park**
A beautiful facility on the North Shore with a water slide tower, splash pad, and leisure pool. The lush landscaping sets it apart from typical municipal pools.

**Phillips Park Family Aquatic Center — Aurora**
Consistently rated one of the best aquatic centers in the Fox Valley area. Features a zero-depth splash zone, water slides, and a pool with something for every age group.

**Cypress Cove Family Aquatic Park — Woodridge**
A newer, well-designed facility with spray features, a splash pad, slides, and a lap pool. Excellent for families with a mix of ages.

**Bensenville Water Park and Splash Pad — Bensenville**
A smaller, community-focused water park with a dedicated splash pad area. Free for Bensenville residents, with reasonable day pass rates for non-residents.

**Hampshire Park District — Hampshire**
A quieter option away from the busier suburbs. Good for families looking for a less crowded splash pad experience.

## Downstate Illinois

**Super Splash Park — Carbondale**
A regional favorite in southern Illinois. Super Splash Park offers water slides and splash features at an affordable price point for families.

**Collinsville Aqua Park — Collinsville**
Located near the St. Louis metro area, Collinsville Aqua Park is a popular destination for families in the Metro East region with a full range of water features.

**Crestwood Aquatic Center — Crestwood**
A well-run aquatic center in the south suburbs with a splash pad and pool facilities.

## Indoor Options (Year-Round)

Illinois winters are long, and a few facilities offer indoor water play year-round.

**Grand Bear Falls Indoor Waterpark — North Utica**
Located near Starved Rock State Park, Grand Bear Falls is a full indoor water park resort. Perfect for a winter or shoulder-season getaway with the family.

**Palm Island Indoor Waterpark — Batavia**
An indoor water park in the Fox Valley area, open year-round. Ideal for rainy days or off-season splash pad fun.

**The Oasis Water Park — Bloomingdale**
An indoor/outdoor facility that extends the splash pad season beyond the typical summer window.

---

## Tips for Visiting Illinois Splash Pads

**Check hours before you go** — most outdoor splash pads operate Memorial Day through Labor Day, typically 10am–6pm. Hours vary by facility.

**Arrive early on hot days** — popular facilities like Raging Waves and Pelican Harbor fill up fast on 90°+ days in July and August.

**Bring water shoes** — concrete and pavement surfaces get hot in the sun, especially at outdoor facilities.

**Check admission** — many park district splash pads are free or very affordable for residents. Non-resident day passes are usually available but at a higher rate.

**Look for season passes** — if you plan to visit the same facility multiple times, a season pass often pays for itself in 2–3 visits.

---

## Find More Illinois Splash Pads

The spots above are just a selection of what Illinois has to offer. Browse the full list of splash pads, spray parks, and water play areas across the state on our [Illinois splash pads page](/state/illinois.html) — updated regularly with hours, admission info, and amenities.
",Published,best-splash-pads-in-illinois,"Discover the best splash pads in Illinois — from Chicago suburb water parks to neighborhood spray pads. Updated with hours, admission, and tips.    ","From Raging Waves in Yorkville to neighborhood spray parks across the suburbs, Illinois has some of the Midwest's best splash pads. Here are our top picks for families. ",Best Splash Pads in Illinois: Top Picks for Families  ,https://res.cloudinary.com/dnmrgvjdm/image/upload/v1772213677/cove-splash_nkdnqw.jpg,
2026-02-28,Splash Pad Locator Staff,"Florida doesn't have seasons the way the rest of the country does. It has two settings: hot, and very hot. That makes the Sunshine State one of the best places in the country for water play — with splash pads and water parks open for longer stretches than virtually anywhere else in the US, and in some cases year-round.

With nearly 200 Florida locations in our directory, there's no shortage of options no matter where you are in the state. Here's a regional breakdown of the best the Sunshine State has to offer.

---

## What to Know Before You Go

**Florida heat is different.** The combination of high temperatures and high humidity makes Florida summers feel significantly hotter than the thermometer suggests. Hydration is critical — bring more water than you think you need and take breaks in the shade regularly.

**Sunscreen is non-negotiable.** Florida's UV index is among the highest in the continental US, especially from April through September. Apply broad-spectrum SPF 50+ before leaving the house and reapply every 90 minutes. See our [best sunscreens for kids guide](/blog/best-sunscreens-for-kids-splash-pads.html) for top picks.

**Go early or late.** Midday heat and afternoon thunderstorms are both worth avoiding. Florida's famous afternoon storms (typically 2–4pm in summer) can appear quickly. Plan to arrive at opening — usually 9 or 10am — or head out after 4pm when storms have typically passed and temperatures begin to ease.

**Year-round access.** Unlike northern states where splash pads close after Labor Day, many Florida facilities run through October and some operate all twelve months. Always check specific listings for current hours before visiting.

---

## Orlando / Central Florida

Orlando is the family vacation capital of the United States, and its water play options reflect that. With 24 listings in our directory for Orlando alone — plus a dozen more in neighboring Kissimmee — Central Florida has more water attractions per square mile than anywhere else in the state.

**Walt Disney World** operates two full water parks on property: **Typhoon Lagoon** and **Blizzard Beach**. Both are world-class facilities with dedicated areas for younger children alongside major slides and attractions for older kids and adults. If you're visiting Disney, a water park day is worth building into your itinerary. *Admission required; included with some Disney passes.*

**Universal's Volcano Bay** is Orlando's other major water park — a striking tropical-themed facility with a centerpiece volcano, wave pool, and attractions across all thrill levels. The virtual queue system means less time waiting in line. *Admission required.*

**Aquatica Orlando** (SeaWorld's water park) offers a strong family-focused alternative with a lazy river, wave pool, and a dedicated children's splash area with gentle features for toddlers and young kids. *Admission required.*

Beyond the major parks, **Kissimmee** and surrounding communities have free municipal splash pads that are ideal for families staying in the area who want a lower-key water play option between theme park days.

👉 [Browse all Orlando-area splash pads →](/state/florida.html)

---

## South Florida: Miami, Fort Lauderdale & Palm Beach

South Florida's tropical climate means water play is viable practically year-round — and the region delivers with a mix of free city options and larger facilities.

**Miami** has a strong parks system with free splash areas across the city and its suburbs. **Coral Springs** — one of the most family-friendly communities in Broward County — has multiple well-maintained water play facilities, and with 6 listings in our directory it's one of the most represented cities in Florida.

**Hollywood, Deerfield Beach, Pembroke Pines, and Hialeah** all have free community splash pads through their parks departments, making South Florida one of the most accessible regions in the state for budget-friendly water play.

**West Palm Beach** and the surrounding Palm Beach County communities add solid options for families on the Atlantic Coast side.

👉 [Browse South Florida splash pads →](/state/florida.html)

---

## Tampa Bay Area

Tampa is one of Florida's most livable cities, and the family amenities match. The greater Tampa Bay region — including **St. Petersburg, Clearwater, and surrounding communities** — has a solid collection of free and paid water play options.

Tampa's parks system includes spray parks and water features in several neighborhood parks, and the area's aquatic centers provide year-round indoor options for families who want to avoid the summer heat entirely.

The Gulf Coast beaches of Clearwater and St. Pete are a natural complement to a splash pad visit — many families combine a morning at a free city splash pad with an afternoon at the beach.

👉 [Browse Tampa Bay splash pads →](/state/florida.html)

---

## Florida Panhandle: Panama City Beach & Northwest Florida

The Panhandle operates more like a traditional summer destination than the rest of Florida — the season peaks June through August with a surge of Gulf Coast vacationers.

**Panama City Beach** is the Panhandle's family hub, with 4 listings in our directory and a strong mix of water attractions catering to the vacation crowd. The area's warm Gulf waters and sugar-white sand beaches are the main draw, but splash pads and water parks provide a great option for families with younger kids who need a lower-key water day.

**Panama City** proper has community water play options through its parks system for families staying off the beach.

---

## Southwest Florida: Fort Myers & Naples

Southwest Florida — covering **Fort Myers, Naples, Cape Coral, and the surrounding communities** — is one of the fastest-growing regions in the state, and the parks infrastructure is expanding to match.

**Fort Myers and North Fort Myers** together have 6 listings in our directory, including aquatic centers and community splash pads that serve the year-round resident population. **Naples** adds upscale family-friendly options suited to the area's demographics.

The region's Gulf Coast beaches are a strong complement to a splash pad visit — Fort Myers Beach and Naples Beach are both excellent family destinations within easy reach.

---

## Ocala & North Central Florida

Ocala surprises many visitors with 6 listings in our directory — making it one of the better-represented mid-sized Florida cities for water play. The region's natural springs (Florida is home to more freshwater springs than anywhere else on earth) add a unique water play dimension, with several spring-fed swimming areas within easy reach.

The broader North Central Florida region — including **Gainesville** and surrounding communities — has free community splash pads through city and county parks systems.

---

## Tips for Florida Splash Pad Visits

**Watch the radar.** Florida's afternoon thunderstorms are fast-moving and frequent in summer. Most splash pads and outdoor facilities close immediately when lightning is in the area. The weather can change in 20 minutes — check a radar app before heading out and again while you're there.

**Pack a shade tent.** Many free municipal splash pads have limited overhead shade. A portable pop-up canopy is one of the best investments for Florida outdoor visits.

**Water shoes are worth it.** Florida sun heats splash pad surfaces quickly. Water shoes protect little feet and let kids run and play comfortably without stopping to cool off burned feet.

**Check our full packing list.** For everything worth bringing to a splash pad, see our [complete splash pad packing guide](/blog/what-to-pack-for-a-splash-pad-day.html).

---

## Find Your Nearest Florida Splash Pad

With nearly 200 Florida locations in our directory — spanning free city spray parks to world-class theme park water attractions — there's something close to you wherever you are in the state.

[Browse all Florida splash pads →](/state/florida.html)",Published,best-splash-pads-in-florida,"Find the best splash pads and water parks in Florida for families. Free options in Orlando, Miami, Tampa, and more — plus top water parks updated for 2026.","Florida's heat is no joke year-round — which makes it one of the best states in the country for splash pads and water play. From free city spray parks in Miami and Tampa to world-class water parks in Orlando, here's where to cool off across the Sunshine State.",Best Splash Pads in Florida: Top Water Play Spots for Families (2026),https://res.cloudinary.com/dnmrgvjdm/image/upload/v1772297306/splash_pad_kids_playing_qo78ua.png,
2026-03-26,Splash Pad Locator Staff,"Here's a number that surprises most parents: over 1,000 splash pads in the United States are completely free.

No admission fee. No wristband. No membership. Just walk up, play, and leave.

That's more than a third of all splash pads in the country — operated by city parks departments, county recreation agencies, and community organizations that have decided public water play should be accessible to every family, regardless of budget.

The problem isn't that free splash pads don't exist. The problem is finding them. Free facilities don't have marketing budgets, they rarely show up in ""best water parks"" listicles, and their websites are often buried in municipal parks department pages that haven't been updated since 2019.

That's exactly why we built this directory.

---

## How Many Free Splash Pads Are There?

SplashPadLocator.com currently lists over **1,000 free splash pads** across the United States — about 34% of all listings in our directory. These aren't off-brand or low-quality facilities. Many are modern, well-maintained spray parks built by city parks departments with dedicated recreation budgets.

---

## Which States Have the Most Free Splash Pads?

The states with the most free splash pads tend to be the ones with the strongest municipal parks infrastructure. Here are the top 15:

| State | Free Splash Pads | Total Listings |
|-------|-----------------|----------------|
| New York | 104 | 314 |
| Florida | 102 | 213 |
| Texas | 80 | 251 |
| California | 61 | 161 |
| Ohio | 43 | 100 |
| New Jersey | 42 | 98 |
| Pennsylvania | 40 | 138 |
| North Carolina | 36 | 86 |
| Indiana | 36 | 97 |
| Virginia | 33 | 84 |
| Illinois | 33 | 143 |
| Wisconsin | 29 | 67 |
| Utah | 25 | 52 |
| Washington | 23 | 55 |
| Michigan | 23 | 76 |

**New York leads the country** with 104 free splash pads — driven largely by New York City's Parks Department, which operates spray showers in playgrounds across all five boroughs. Florida and Texas follow close behind, benefiting from warm climates that make year-round or extended-season water play feasible.

---

## Where Do Free Splash Pads Come From?

Free splash pads aren't free to build or operate — they're just free to use. Someone is paying for them. Understanding who and why helps you find more of them.

### City Parks Departments
The majority of free splash pads are built and operated by municipal parks and recreation departments. They're funded by property taxes, recreation bonds, and city general funds. Cities invest in splash pads because they deliver high recreation value at a fraction of the cost of swimming pools — no lifeguards required, lower maintenance, and broader accessibility.

**How to find them:** Search ""[your city] parks and recreation splash pad"" or check your city's parks department website. Many list splash pad locations on their aquatics or seasonal recreation pages.

### County and Regional Parks
County park systems often operate splash pads in regional parks that serve multiple communities. These facilities tend to be larger and better-funded than individual city splash pads because they draw from a broader tax base.

**How to find them:** Search ""[your county] parks splash pad"" or look for regional parks near you with water play features.

### HOA and Community Development Splash Pads
In newer planned communities and HOA-managed neighborhoods, splash pads are sometimes built as community amenities. These are technically private (for residents), but some are open to the public or accessible to visitors.

### Church and Nonprofit Splash Pads
A small but growing number of churches, YMCAs, and community nonprofits operate free splash pads as community outreach. These tend to be smaller but serve important roles in communities without municipal facilities.

---

## How to Find Free Splash Pads Near You

### 1. Use SplashPadLocator.com
The fastest way. Our directory includes over 1,000 free splash pads with admission info, hours, features, and links to each facility. Use the Free Admission filter to see only free options.

[Browse Free Splash Pads →](/category/free-admission.html)

### 2. Check Your City's Parks Department Website
Search ""[your city] parks and recreation"" and look for the aquatics, splash pad, or seasonal recreation section. Most parks departments maintain a list of water play facilities with hours and locations.

### 3. Search Google Maps
Open Google Maps and search ""splash pad"" or ""spray park"" near your location. Free municipal splash pads usually appear in results with their hours and ratings. Look for results tagged as ""Park"" or ""Playground"" rather than ""Water park"" — these are more likely to be free.

### 4. Ask Local Parent Groups
Facebook groups, Nextdoor, and local parenting forums are excellent sources for splash pad recommendations. Other parents know which free splash pads in your area are worth visiting and which ones to skip.

### 5. Check Neighboring Cities
Your city might not have a splash pad, but the city next door might. Many families don't realize that municipal splash pads are open to all visitors, not just city residents. A 15-minute drive to the next town over could put you at a free facility you didn't know existed.

---

## Are Free Splash Pads as Good as Paid Ones?

In many cases — yes.

The quality gap between free and paid splash pads has narrowed significantly over the past decade. Many municipalities have invested in modern spray park equipment from the same manufacturers that supply paid water parks. The features — ground-level jets, timed sprayers, misting arches, dumping buckets — are often identical.

Where paid facilities have an edge:

- **Scale:** Large water parks with slides, wave pools, and lazy rivers offer more variety than a basic splash pad. But if you're comparing a free community splash pad to a paid splash pad (not a full water park), the free one is often just as good.
- **Amenities:** Paid facilities are more likely to have concessions, locker rooms, and cabana rentals. Free splash pads usually have restrooms and picnic areas, but rarely have food service.
- **Lifeguards:** Some paid facilities have lifeguard-supervised splash areas. Free splash pads almost never have lifeguards because the zero-depth design doesn't require them.

Where free facilities often win:

- **Crowd levels:** Free neighborhood splash pads tend to be less crowded than popular paid attractions, especially on weekdays.
- **Frequency of visits:** When admission is free, families visit more often. A splash pad you visit 20 times in a summer delivers more value than a water park you visit twice.
- **Convenience:** Free splash pads are usually in neighborhood parks within a short drive. No advance planning, no ticket purchases, no parking fees.

---

## Tips for Making the Most of Free Splash Pads

### Visit Multiple Times
The first visit is for discovery — learning the layout, finding the gentle features, identifying the shady spots. By the third visit, your kids know the space and play more confidently. Free admission means repeat visits cost nothing.

### Go During Off-Peak Hours
Free splash pads are busiest on Saturday afternoons in July. For a calmer experience, visit on weekday mornings (9-11am) or late afternoons (after 4pm). Tuesday and Wednesday are typically the quietest days.

### Pack a Picnic
Many free splash pads are in parks with picnic tables and pavilions. Bring lunch, snacks, and drinks — you'll save money and extend the visit from a quick splash to a half-day outing.

### Check Hours Before You Go
Free splash pads often have seasonal or weather-dependent schedules. Some operate only when temperatures exceed a certain threshold, and most close earlier than you'd expect. A quick check of the city's website or a phone call to the parks department prevents disappointment.

### Bring Your Own Everything
Free splash pads don't provide towels, sunscreen, or shade. Come prepared with:
- Towels (at least one per kid)
- Sunscreen (SPF 50+, applied before you leave home)
- Water bottles
- Water shoes (splash pad surfaces get hot)
- A change of dry clothes

### Report Maintenance Issues
If you notice a broken feature, clogged drain, or safety concern at a free splash pad, report it to the city's parks department. These facilities depend on community feedback to stay maintained. A quick phone call or email helps ensure the splash pad stays operational for everyone.

---

## The Value of Free Water Play

Free splash pads exist because communities decided that every child deserves a place to cool off in the summer — not just families who can afford water park admission. That's a powerful decision, and it's backed by real investment: a typical municipal splash pad costs $150,000-$500,000 to build and $10,000-$30,000 per year to operate.

When you visit a free splash pad, you're using a facility that your community built for you. Take care of it, clean up after your visit, and if you appreciate it — tell your city council. The best way to ensure free splash pads keep getting funded is to show that families use and value them.

---

[Find free splash pads near you →](/category/free-admission.html)
",Published,how-to-find-free-splash-pads-near-you,"How to find free splash pads near you in 2026. Over 1,000 free splash pads across all 50 states — where to look, which states have the most, and tips for making the most of free water play.","Over 1,000 splash pads in America are completely free. Here's how to find them, which states have the most, and why free splash pads are often just as good as the paid ones.",How to Find Free Splash Pads Near You,https://res.cloudinary.com/dnmrgvjdm/image/upload/v1775362985/Looking_for_Splash_Pad_di4m13.png,
2026-02-28,Splash Pad Locator Team,"*This article is for informational purposes only and is not a substitute for professional medical advice. Consult your pediatrician for guidance specific to your child's skin type, age, and health needs.*

---

Splash pads are a summer staple for families — but between the water, the reflected sun off wet pavement, and hours of outdoor play, sun exposure adds up faster than most parents expect. A solid sun safety plan can mean the difference between a great day out and a painful sunburn that ruins the rest of the week.

Here's everything you need to know about sunscreen, shade, and sun protection at splash pads.

## How Early Should You Apply Sunscreen Before Arriving?

This is one of the most common questions parents ask — and one of the most important.

**Apply sunscreen at least 15–30 minutes before sun exposure.** Most chemical sunscreens (those containing ingredients like avobenzone, octinoxate, or oxybenzone) need time to absorb into the skin and activate before they provide full protection. Applying in the car or at the splash pad entrance is too late.

**Mineral sunscreens** (containing zinc oxide or titanium dioxide) work differently — they sit on top of the skin and reflect UV rays immediately upon application. However, dermatologists still recommend applying them before you leave the house to ensure even coverage and to give the product time to settle.

**The bottom line:** Make sunscreen part of your pre-departure routine at home, not a last-minute step at the gate.

## What SPF Should You Use?

- **SPF 30** blocks approximately 97% of UVB rays
- **SPF 50** blocks approximately 98% of UVB rays
- **SPF 50+** is recommended for children and fair-skinned individuals

For splash pads, always choose a **broad-spectrum sunscreen** — this means it protects against both UVA (aging, deeper skin damage) and UVB (burning) rays. Look for ""broad-spectrum"" on the label.

**For kids:** The American Academy of Dermatology recommends SPF 30 or higher for children over 6 months. For babies under 6 months, avoid sunscreen entirely and use shade and protective clothing instead — consult your pediatrician.

## Water-Resistant vs. Waterproof Sunscreen

Here's something many parents don't know: **no sunscreen is truly waterproof.** The FDA banned the term ""waterproof"" from sunscreen labels in 2011 because it's misleading.

What you'll see instead is **""water-resistant (40 minutes)""** or **""water-resistant (80 minutes)""** — this tells you how long the sunscreen maintains its SPF protection while swimming or sweating.

For splash pads, always choose a sunscreen labeled **water-resistant (80 minutes)** — the longest protection available. Even then, reapplication is essential.

## How Often Should You Reapply Sunscreen?

This is where most families fall short. A single application in the morning is not enough for a full day at the splash pad.

**General guidelines:**
- Reapply every **2 hours** at minimum
- Reapply immediately after **toweling off** — towels wipe away sunscreen regardless of water resistance
- Reapply after **excessive sweating**
- If using water-resistant sunscreen (80 min), still reapply after 80 minutes in the water — not 80 minutes on the clock

**Practical tip:** Set a timer on your phone. It's easy to lose track of time when the kids are having fun. A 90-minute reminder gives you a buffer to get everyone lathered up before protection runs out.

## How to Apply Sunscreen Properly

Application technique matters as much as the product itself.

**How much to use:**
- Adults and older children need about **1 ounce (a shot glass full)** to cover the entire body
- Don't forget ears, the back of the neck, tops of feet, and the backs of hands — commonly missed areas
- For the face, a **nickel-sized amount** is the standard recommendation

**How to apply:**
1. Apply to dry skin before getting wet
2. Rub in thoroughly — don't just dab or pat
3. Pay extra attention to areas that get the most sun: shoulders, nose, cheeks, and the back of the neck
4. Let it absorb before dressing or getting in the water

**Spray sunscreens:** Convenient but easy to under-apply. If using a spray, apply generously and rub it in — don't just spray and walk away. Avoid spraying directly on faces, especially children's faces; spray into your hands first, then apply.

## Sunscreen for Babies and Toddlers

Young skin is more sensitive and requires extra care.

**Under 6 months:** The American Academy of Pediatrics advises against using sunscreen on babies under 6 months. Keep infants out of direct sunlight and use protective clothing, hats, and shade instead.

**6 months and older:** Use a **mineral-based sunscreen** with zinc oxide or titanium dioxide. These are gentler on sensitive skin and less likely to cause irritation than chemical sunscreens.

**Tips for toddlers:**
- Apply sunscreen while they're calm — before you leave the house, not in a busy parking lot
- Use a stick sunscreen for the face — easier to control and less likely to get in eyes
- Bring extra sunscreen and reapply after every time they dry off or come out of the water

## Beyond Sunscreen: Other Sun Safety Essentials

Sunscreen is your first line of defense, but it shouldn't be your only one.

**Rash Guards and Sun Shirts**
A long-sleeve rash guard with UPF 50+ rating blocks more UV radiation than sunscreen alone. Many parents put their kids in a rash guard for the upper body and just apply sunscreen to exposed areas like the face, neck, and legs. This reduces how much sunscreen you need to apply and reapply.

**Hats**
A wide-brim hat (3 inches or more) protects the face, ears, and neck — areas where sunscreen is easily missed or wears off quickly. Look for hats with a UPF rating for maximum protection.

**Sunglasses**
UV-protective sunglasses protect children's eyes from long-term UV damage. Look for sunglasses that block 99–100% of UVA and UVB rays.

**Seek Shade During Peak Hours**
UV radiation is strongest between **10am and 4pm**. If possible, plan your splash pad visit for the morning or late afternoon. Many splash pads have shaded pavilions or covered areas — check the listing before you go so you can plan rest breaks out of direct sun.

**Stay Hydrated**
Heat and sun exposure cause dehydration faster than many parents realize. Bring plenty of water and encourage kids to drink regularly, even if they don't feel thirsty. Signs of dehydration in children include dry lips, reduced energy, and dark-colored urine.

## Signs of Too Much Sun

Even with the best preparation, watch for these warning signs:

- **Sunburn:** Red, warm, or tender skin — usually appears 2–6 hours after sun exposure
- **Heat exhaustion:** Heavy sweating, weakness, cold/pale/clammy skin, nausea, or fainting
- **Heat stroke:** High body temperature (103°F+), hot/red/dry skin, rapid pulse, confusion — this is a medical emergency, call 911

If a child shows signs of heat exhaustion, move them to a cool, shaded area immediately, offer water, and apply cool (not cold) wet cloths to the skin. If symptoms don't improve quickly or worsen, seek medical attention.

---

## Quick Sun Safety Checklist for Splash Pad Days

- [ ] Apply broad-spectrum SPF 50+ sunscreen 15–30 minutes before leaving home
- [ ] Choose water-resistant (80 min) formula
- [ ] Use mineral sunscreen (zinc oxide) for babies and sensitive skin
- [ ] Pack enough sunscreen for multiple reapplications
- [ ] Set a timer to reapply every 2 hours (or after toweling off)
- [ ] Pack rash guards or sun shirts for extra coverage
- [ ] Bring wide-brim hats and UV-protective sunglasses
- [ ] Scout for shaded areas at the splash pad
- [ ] Bring plenty of water and hydrate regularly
- [ ] Plan to arrive early or late to avoid peak UV hours (10am–4pm)

---

*This article is for informational purposes only and is not a substitute for professional medical advice. Always consult your pediatrician or a board-certified dermatologist for personalized guidance on sun protection for your child.*
",Published,splash-pad-sun-safety,How early should you apply sunscreen before a splash pad? How often should you reapply? Everything parents need to know about sun safety for kids at splash pads. ,"Sun exposure adds up fast at splash pads. Here's everything parents need to know — when to apply sunscreen, how often to reapply, what SPF to use, and how to keep kids safe in the summer heat.","Splash Pad Sun Safety: Sunscreen, Shade, and Everything In Between",https://res.cloudinary.com/dnmrgvjdm/image/upload/v1772213141/SplashPadPrep_axzjeq.png,True
2026-02-25,Splash Pad Locator Team,"<div class=""affiliate-disclosure"">
  <strong>Disclosure:</strong> This post may contain affiliate links. If you purchase through a link on this page, we may earn a small commission at no extra cost to you.. We only recommend products we genuinely believe in. Thank you for supporting Splash Pad Locator.
</div>

---

Water shoes are one of those splash pad items that parents skip the first time — and regret immediately. Hot pavement, slippery wet concrete, and drainage grates are a recipe for burned feet and scraped toes. After one barefoot visit, most families never leave home without them again.

We've evaluated dozens of water shoes across four criteria to find the best options for kids at splash pads. Whether you have a wobbly toddler or an active eight-year-old, there's a pair on this list that will work for your family.

---

## How We Scored These Water Shoes

Each shoe was evaluated on a **Splash Pad Performance Score out of 10** across four criteria:

- **Grip and traction** — rubber soles that handle wet, smooth surfaces without slipping
- **Drainage** — how quickly water drains out so feet don't stay waterlogged
- **Comfort and fit** — secure enough to stay on active kids, comfortable enough to wear for hours
- **Durability and value** — how well they hold up through a full season and whether the price is justified

---

## Splash Pad Performance Scores at a Glance

<div class=""blog-chart-wrap"">
  <canvas id=""watershoes-chart"" data-chart='{""type"":""bar"",""data"":{""labels"":[""Keen Newport H2 Sandal"",""Merrell Hydro Junior"",""Natives Jefferson Child"",""Speedo Surfwalker Pro"",""Teva Hurricane Drift"",""Nike Sunray Adjust"",""Crocs Classic Clog"",""Old Navy Canvas Water Shoe""],""datasets"":[{""label"":""Splash Pad Performance Score (out of 10)"",""data"":[9.5,9,8.5,8,7.5,7,6.5,5.5],""backgroundColor"":[""#0891b2"",""#0891b2"",""#0e7490"",""#0e7490"",""#22d3ee"",""#22d3ee"",""#a5f3fc"",""#a5f3fc""],""borderRadius"":4}]},""options"":{""indexAxis"":""y"",""responsive"":true,""maintainAspectRatio"":false,""plugins"":{""legend"":{""display"":false},""tooltip"":{""callbacks"":{}}},""scales"":{""x"":{""min"":0,""max"":10,""ticks"":{""stepSize"":2},""title"":{""display"":true,""text"":""Score out of 10""}},""y"":{""ticks"":{""font"":{""size"":12}}}}}}'>
  </canvas>
</div>
<p class=""blog-chart-caption"">Splash Pad Performance Score by water shoe. Scores reflect grip and traction, drainage speed, comfort and fit, and durability and value. Higher is better. Scores are editorial opinions based on product research and testing — verify current models and sizing with each manufacturer.</p>

---

## Our Top Picks

### 1. Keen Newport H2 Sandal — Our Top Pick

**Score: 9.5/10**

The Keen Newport H2 is our top pick for splash pads without question. It's the shoe we'd put on our own kids first. The closed-toe design protects little feet from drainage grates and stubbed toes, the rubber sole has exceptional wet-surface grip, and the bungee lace system with hook-and-loop strap keeps it securely on even the most active toddlers.

What separates the Newport H2 from everything else on this list is the combination of protection and drainage. The mesh upper drains immediately and dries fast, while the toe cap handles the inevitable collisions with splash pad equipment. These shoes also hold up season after season — we've seen families use the same pair for two or three summers with proper care.

The price point is higher than most on this list, but the durability makes it excellent value over time.

**Best for:** All ages, especially toddlers and young kids who need toe protection. Our first recommendation for any splash pad family.

---

### 2. Merrell Hydro Junior — Best Runner-Up

**Score: 9/10**

Merrell makes some of the best outdoor footwear in the world, and the Hydro Junior brings that pedigree to water play. The M Select GRIP outsole is genuinely excellent on wet surfaces — noticeably better than most dedicated ""water shoes"" from brands that don't specialize in outdoor footwear.

The single bungee lace closure makes it easy for older kids to put on and take off independently, which parents appreciate after the fifth time helping at the splash pad. Drainage is fast through the mesh upper, and the footbed dries quickly between uses.

Our only note: sizing runs slightly narrow. If your child has wide feet, size up or try the Keen instead.

**Best for:** Kids ages 4 and up, families who want outdoor-grade grip and durability at a mid-range price.

---

### 3. Native Jefferson Child — Best Lightweight Option

**Score: 8.5/10**

The Native Jefferson is a cult favorite among splash pad and pool parents, and for good reason. It's lightweight, easy to slip on and off, and the EVA foam construction means it dries almost instantly. There are no laces, no straps, no fussing — kids can manage these independently from a young age.

We love the Jefferson for younger kids who resist shoe-wearing. The fun colors help, and the perforated design drains water as fast as any shoe on this list. The trade-off is protection — with an open design and no toe cap, it's not ideal for rough pavement or active running around equipment.

It's also one of the most washable shoes on the list — toss them in the washing machine and they come out like new.

**Best for:** Toddlers and preschoolers, kids who resist wearing shoes, families prioritizing quick on/off ease.

---

### 4. Speedo Surfwalker Pro — Best Budget Performance

**Score: 8/10**

Speedo knows water, and the Surfwalker Pro delivers solid performance at a price that makes it easy to buy a size up for next season without overthinking it. The drainage ports are well-placed, the rubber sole handles wet surfaces reliably, and the bungee closure keeps the fit secure during active play.

It's not as burly as the Keen or as refined as the Merrell, but for the price it punches well above its weight. We've seen these hold up through full summers with regular use, which is all you can ask at this price point.

**Best for:** Budget-conscious families, buying a spare pair to keep in the car, older kids who outgrow shoes quickly.

---

### 5. Teva Hurricane Drift — Best for Older Kids

**Score: 7.5/10**

Teva's Hurricane Drift is our top pick for older kids (roughly ages 7 and up) who want something that looks less like a ""little kid water shoe."" The open-toe sport sandal design gives it a grown-up aesthetic while the EVA foam sole and quick-dry straps handle splash pad conditions well.

The hook-and-loop straps are adjustable and stay secure, and the cushioned footbed is noticeably more comfortable than thinner options on this list. Drainage is good through the open design.

Our one caution: the open toe means no protection for smaller kids who tend to stub toes or catch feet on equipment. For older kids who move more deliberately, it's a great choice.

**Best for:** Kids ages 7 and up, families who want a sandal that works beyond just splash pads.

---

### 6. Nike Sunray Adjust — Best Brand Recognition

**Score: 7/10**

The Nike Sunray Adjust is the choice for kids who care about what's on their feet. It's a well-made sport sandal with reliable grip, quick-dry straps, and the kind of Nike aesthetic that older kids specifically request. It handles splash pad conditions capably without anything that makes it a standout performer.

Honestly, the Nike name does a lot of work here. The Teva Hurricane and Merrell Hydro perform better at similar or lower price points. But if your child insists on Nike and you want something that will actually work at a splash pad, the Sunray Adjust won't let you down.

**Best for:** Brand-conscious older kids, families where ""cool factor"" matters for getting shoes worn consistently.

---

### 7. Crocs Classic Clog — Most Controversial Pick

**Score: 6.5/10**

We include Crocs because millions of families use them at splash pads and they do work — we just want to be honest about the trade-offs. The ventilation ports drain water well, they're incredibly easy to put on and take off, and the cushioned sole is comfortable. They're also easy to find, inexpensive, and available in every color imaginable.

The issue is fit security. Crocs move around on feet more than any other shoe on this list, which means they come off during active play and can cause trips and falls on wet surfaces. The foam sole also offers less grip than dedicated water shoes on slippery concrete.

If Crocs are what you have, they're fine. We just wouldn't buy them specifically for splash pad use when better-performing options exist at similar price points.

**Best for:** Casual splash pad visits, kids who already own Crocs, situations where any water shoe is better than none.

---

### 8. Old Navy Canvas Water Shoe — Best Entry-Level Option

**Score: 5.5/10**

Old Navy's canvas water shoes earn their place on this list as the most accessible option. They're widely available, very inexpensive, and functional enough for occasional splash pad visits. Drainage is adequate, the rubber sole handles basic wet surfaces, and they come in a huge range of sizes and colors.

Where they fall short is durability and grip. The canvas upper takes longer to dry than mesh alternatives, the sole wears down faster than dedicated outdoor footwear brands, and the grip on very slippery surfaces isn't as reliable as higher-ranked options.

That said, for a toddler who will outgrow them in three months anyway, there's a real argument for spending less and sizing up more frequently. No shame in that math.

**Best for:** Tight budgets, very young children who outgrow shoes quickly, occasional rather than frequent splash pad visits.

---

## Our Overall Recommendation

For most families, the **Keen Newport H2** is worth every penny — especially for kids under 6 who are most vulnerable to foot injuries at splash pads. The closed toe, excellent grip, and multi-season durability make it the clear best-in-class.

If the Keen is out of budget, the **Speedo Surfwalker Pro** is our budget pick. It does everything a splash pad water shoe needs to do at a price that makes frequent replacement painless.

One final tip: buy water shoes a half size large. Kids' feet grow fast, and a little extra room means you'll get more than one summer out of a quality pair.

---

## Quick Comparison

| Product | Toe Protection | Drainage | Grip | Our Score |
|---------|---------------|----------|------|-----------|
| Keen Newport H2 | Closed toe | Excellent | Excellent | 9.5/10 |
| Merrell Hydro Junior | Closed toe | Excellent | Excellent | 9/10 |
| Native Jefferson | Open | Excellent | Good | 8.5/10 |
| Speedo Surfwalker Pro | Closed toe | Good | Good | 8/10 |
| Teva Hurricane Drift | Open toe | Good | Good | 7.5/10 |
| Nike Sunray Adjust | Open toe | Good | Good | 7/10 |
| Crocs Classic Clog | Open | Good | Fair | 6.5/10 |
| Old Navy Canvas | Closed toe | Fair | Fair | 5.5/10 |

---

*Planning your next splash pad visit? Check our [Ultimate Splash Pad Packing List](/blog/what-to-pack-for-a-splash-pad-day.html) and [Sun Safety Guide](/blog/splash-pad-sun-safety.html) for everything else you need.*",Published,best-water-shoes-for-kids-splash-pads,"We ranked the 8 best water shoes for kids at splash pads — grip, drainage, durability, and our honest picks for every age and budget.","Water shoes are the one splash pad item parents skip once and never skip again. We ranked 8 pairs on grip, drainage, comfort, and value — from our top pick Keen Newport H2 to the best  budget option for fast-growing feet.",Best Water Shoes for Kids at Splash Pads: Tested and Ranked,https://res.cloudinary.com/dnmrgvjdm/image/upload/v1772232405/watershoes_nxq4ec.png,
2026-03-20,Splash Pad Locator Staff,"Louisiana summers are relentless — high heat, high humidity, and months of it. Fortunately, the Pelican State has invested heavily in water play across its communities. From free park splash pads in Baton Rouge to waterparks in the Northshore and iconic green spaces in New Orleans, families have real options for cooling off without leaving the state.

Here are the best splash pads and water play destinations in Louisiana, organized by region.

---

## Baton Rouge

The capital city has the strongest concentration of splash pads in the state, with multiple free community park options spread across different neighborhoods.

### Forest Community Park — Baton Rouge
**Rating:** 4.7 | **Features:** Accessible, Parking, Playground, Restrooms

The highest-rated splash pad in Baton Rouge. Forest Community Park combines water play with playground equipment, restrooms, and ample parking in a well-maintained community setting. A reliable go-to for East Baton Rouge families.

### Highland Road Community Park — Baton Rouge
**Rating:** 4.6 | **Features:** Accessible, Parking, Playground, Restrooms

Another strong option in Baton Rouge's parks system, Highland Road Community Park offers splash features alongside playgrounds and picnic areas. The 4.6 rating reflects consistent quality that keeps families coming back.

### North Sherwood Forest Community Park — Baton Rouge
**Rating:** 4.6 | **Features:** Accessible, Parking, Playground, Restrooms

North Baton Rouge families have their own neighborhood splash pad at North Sherwood Forest Community Park. Same strong amenities as the other BREC parks — accessible, restrooms, parking, and playground.

### Blue Bayou Water Park — Baton Rouge
**Type:** Water Park | **Rating:** 3.9 | **Features:** Accessible, Parking, Picnic Areas, Restrooms

Baton Rouge's full-scale water park. Blue Bayou offers slides, pools, and splash zones for a paid, full-day outing. It's the biggest water attraction in the capital region and pairs with the adjacent Dixie Landin' amusement park.

### Liberty Lagoon — Baton Rouge
**Rating:** 4.0 | **Features:** Accessible, Parking, Playground, Restrooms

A seasonal water play destination in BREC's park system, Liberty Lagoon features slides, splash areas, and a playground. A step up from a basic splash pad but less than a full water park — a sweet spot for families with mixed ages.

---

## New Orleans

### New Orleans City Park — New Orleans
**Admission:** Free | **Rating:** 4.8 | **Features:** Picnic Areas

The crown jewel of New Orleans parks. City Park's splash pad area sits within one of the largest and most beautiful urban parks in the country — 1,300 acres of live oaks, gardens, and recreation. Free admission and a 4.8 rating make this the top-rated water play spot in all of Louisiana.

### Cool Zoo Waterpark — New Orleans
**Type:** Water Park | **Rating:** 4.0 | **Features:** Picnic Areas, Restrooms

Located inside the Audubon Zoo, Cool Zoo is a water play area designed for kids. It's a paid attraction (zoo admission required), but combining a zoo visit with water play is a natural pairing for a full family day in Uptown New Orleans.

### Goldring Woldenberg Riverfront Park — New Orleans
**Admission:** Free | **Rating:** 4.6 | **Features:** Accessible, Parking, Playground, Restrooms

A free waterfront park along the Mississippi River in the French Quarter area. The splash features, river views, and walkable location make this a convenient stop for families exploring downtown New Orleans.

---

## Northshore and Tangipahoa

### Camp Margaritaville — Breaux Bridge
**Type:** Water Park | **Admission:** Free (for guests) | **Rating:** 4.5 | **Features:** Accessible, Parking, Picnic Areas, Playground, Restrooms

A resort-style water park with the Margaritaville brand behind it. Free for resort guests, with splash areas, pools, and family-friendly amenities. The Breaux Bridge location puts you in the heart of Cajun country.

### Popee's Cajun Water World — Robert
**Type:** Water Park | **Rating:** 4.4 | **Features:** Accessible, Parking, Picnic Areas, Restrooms

A unique Louisiana water park on the Northshore. Cajun-themed and family-run, Popee's offers slides, splash areas, and a distinctly local flavor that the chain water parks don't have.

### Chappapeela Sports Park — Hammond
**Rating:** 4.5 | **Features:** Accessible, Parking, Playground, Restrooms

Hammond's community park includes splash pad features alongside its sports facilities. A solid stop for families traveling the I-12 corridor between Baton Rouge and the Northshore.

---

## Acadiana (Lafayette Area)

### Moncus Park — Lafayette
**Rating:** 4.7

Lafayette's premier park features splash pad areas in a beautifully designed green space. At 4.7 stars, it's one of the highest-rated parks in Acadiana and a point of pride for the community.

### Parc Sans Souci — Lafayette
**Admission:** Free | **Rating:** 4.5

A free downtown Lafayette park with splash features. The walkable location and free admission make it an easy stop during a day in downtown Lafayette.

---

## Southwest Louisiana (Lake Charles Area)

### SPAR Waterpark — Sulphur
**Type:** Water Park | **Rating:** 4.4 | **Features:** Accessible, Parking, Picnic Areas, Restrooms

Sulphur Parks and Recreation operates this community water park with slides, splash areas, and full amenities. A strong option for families in Calcasieu Parish.

### Rec & Aquatic Center — Sulphur
**Type:** Aquatic Center | **Rating:** 4.3 | **Features:** Restrooms

The aquatic center complements SPAR Waterpark, giving Sulphur families two distinct water play options in one community.

---

## Shreveport-Bossier

### Wonder Oasis Waterpark — Shreveport
**Type:** Water Park | **Admission:** Free | **Rating:** 3.8 | **Features:** Accessible, Parking, Picnic Areas, Playground, Restrooms

A free water park in Shreveport — a rare find. Wonder Oasis offers splash features, playground equipment, and full amenities at no cost. For North Louisiana families, this is the top free water play destination.

---

## Denham Springs and Surrounding Areas

### North Park — Denham Springs
**Rating:** 4.6 | **Features:** Accessible, Parking, Playground, Restrooms

Just east of Baton Rouge, Denham Springs' North Park offers a well-rated splash pad with strong community park amenities. A good alternative to the Baton Rouge parks for Livingston Parish families.

### Lafreniere Park — Metairie
**Admission:** Free | **Rating:** 4.7

One of the highest-rated parks in the greater New Orleans metro, Lafreniere Park in Metairie includes splash features in a large, well-maintained green space. Free admission and a 4.7 rating.

---

## Hidden Gems

### Toledo Bend Family Adventure Park — Zwolle
**Type:** Amusement Park | **Admission:** Free | **Rating:** 4.7 | **Features:** Picnic Areas, Restrooms

A free family adventure park near Toledo Bend Reservoir in far northwest Louisiana. At 4.7 stars with free admission, it's one of the best-kept secrets in the state for families willing to make the drive.

### West Feliciana Parish Parks — St. Francisville
**Rating:** 4.7 | **Features:** Accessible, Parking, Playground, Restrooms

A charming small-town park system with water play features in one of Louisiana's most scenic parishes along the Mississippi River.

---

## Tips for Visiting Louisiana Splash Pads

**Season is long:** Louisiana's heat starts early and stays late. Many splash pads operate from April through October, and some year-round. Check individual facility schedules — you may find water play available well outside the traditional Memorial Day to Labor Day window.

**BREC parks are excellent:** The Baton Rouge Recreation and Park Commission (BREC) operates multiple splash pads across East Baton Rouge Parish. They're consistently well-maintained, free or low-cost, and family-friendly.

**Hydration matters:** Louisiana humidity is no joke. Bring extra water, apply sunscreen generously, and plan for shade breaks. Morning visits (before 11am) are cooler and less crowded.

**Combine with food:** Louisiana is a food state. A splash pad morning followed by a po'boy lunch is a perfect family day in any parish.

---

## Find All 30+ Louisiana Splash Pads

This guide covers the highlights, but there are more across the state. Browse the full directory for hours, admission info, and links to each facility.

[Browse All Louisiana Splash Pads →](/state/louisiana.html)
",Published,best-splash-pads-in-louisiana,"Find the best splash pads in Louisiana for 2026 — Baton Rouge, New Orleans, Lafayette, Lake Charles, Shreveport, and more. Free and paid water play with ratings and tips.","From Baton Rouge's community parks to New Orleans' iconic waterfront, Louisiana has 30+ splash pads, water parks, and aquatic centers for families. Here are the best, organized by region.",Best Splash Pads in Louisiana: Top Water Play Spots for Families (2026),https://lh3.googleusercontent.com/p/AF1QipMNzfExWn1-kYAiA8cpFw-wMna8TG8jdFNovBDy=w800-h500-k-no,
2026-04-02,Splash Pad Locator Staff,"Iowa doesn't get the attention that coastal states do when it comes to water play, but the Hawkeye State has quietly built one of the strongest community aquatic center networks in the Midwest. With 50 splash pads, aquatic centers, and water parks spread across 36 cities, Iowa families have quality options from the Missouri River to the Mississippi.

What makes Iowa stand out is the aquatic center model — purpose-built community facilities with splash features, pools, slides, and swim programs, many of them operated by city parks departments at affordable prices. It's a smart investment in a state where summers are hot, humid, and made for water play.

---

## Des Moines Metro

The capital region has the most water play options in the state, with community aquatic centers and splash pads spread across Des Moines and its fast-growing suburbs.

### Des Moines Water Works Park — Des Moines
**Admission:** Free | **Rating:** 4.6

One of the highest-rated free splash pads in Iowa. Water Works Park in Des Moines offers splash features in a large park setting along the Raccoon River. Free admission and a 4.6 rating make it the go-to for Des Moines families looking for no-cost water play.

### Valley View Aquatic Center — West Des Moines
**Type:** Aquatic Center | **Admission:** Free | **Rating:** 4.5 | **Features:** Restrooms

A free aquatic center in West Des Moines — free admission for an aquatic center of this quality is exceptional. Valley View offers pools, splash features, and restrooms at no cost.

### Holiday Park Aquatic Center — West Des Moines
**Type:** Aquatic Center | **Rating:** 4.2 | **Features:** Restrooms

A second aquatic center option in West Des Moines, giving suburban families two strong choices within the same city.

### Clive Aquatic Center — Clive
**Type:** Aquatic Center | **Rating:** 4.5 | **Features:** Accessible, Parking, Restrooms

Just northwest of Des Moines, Clive's aquatic center delivers a 4.5-rated experience with full amenities. One of the better-maintained facilities in the metro.

### Adventureland Park — Altoona
**Admission:** Free (with park admission) | **Rating:** 4.3 | **Features:** Accessible, Parking, Playground

Iowa's iconic amusement park includes water play features alongside its rides. A full-day family destination east of Des Moines.

### Adventure Bay Waterpark — Altoona
**Type:** Water Park | **Rating:** 4.4 | **Features:** Accessible, Parking, Picnic Areas

Adjacent to Adventureland, Adventure Bay is Altoona's dedicated water park with slides, pools, and splash zones. Between the amusement park and the water park, Altoona is the water play hub of the Des Moines metro.

---

## Ankeny

Ankeny, one of Iowa's fastest-growing cities, has invested heavily in aquatic facilities — three within the same community.

### Prairie Ridge Aquatic Center — Ankeny
**Type:** Aquatic Center | **Rating:** 4.4 | **Features:** Accessible, Parking, Restrooms

One of two dedicated aquatic centers in Ankeny. Prairie Ridge offers pools, splash features, and modern amenities.

### Cascade Falls Aquatic Center — Ankeny
**Type:** Aquatic Center | **Rating:** 4.4 | **Features:** Accessible, Parking, Restrooms

Ankeny's second aquatic center, giving families on different sides of the city their own facility. Both earn identical 4.4 ratings — a testament to consistent quality across the system.

### Watercrest Park — Ankeny
**Rating:** 4.3 | **Features:** Accessible, Parking, Playground

A community park splash pad that rounds out Ankeny's water play options with a more casual, playground-style experience.

---

## Cedar Rapids and Eastern Iowa

### Bever Park — Cedar Rapids
**Admission:** Free | **Rating:** 4.6 | **Features:** Accessible, Parking, Playground

Cedar Rapids' best free splash pad. Bever Park offers water play in a well-maintained community park with playground equipment and accessible design. At 4.6 stars, it's one of the highest-rated splash pads in eastern Iowa.

### Centennial Park — Davenport
**Rating:** 4.4

Splash pad features in Davenport, part of the Quad Cities metro. A solid community option for Scott County families.

### Fejervary Park — Davenport
**Rating:** 4.4

A second Davenport option, giving Quad Cities families two parks with water play features.

---

## Waterloo and Northeast Iowa

### Lost Island Waterpark — Waterloo
**Type:** Water Park | **Admission:** Paid | **Rating:** 4.5 | **Features:** Picnic Areas, Restrooms

The biggest water park in Iowa. Lost Island offers a full-scale waterpark experience with slides, a wave pool, lazy river, and splash zones. The paid admission reflects the scale of the facility — it's a full-day destination.

### Lost Island Themepark — Waterloo
**Type:** Water Park | **Rating:** 4.5 | **Features:** Picnic Areas, Restrooms

The newer theme park companion to Lost Island Waterpark, adding rides and attractions alongside water features. Between the two, Waterloo has the most complete water entertainment complex in the state.

### Jesup Splash Pad — Jesup
**Rating:** 4.8 | **Features:** Accessible, Parking, Restrooms

The highest-rated splash pad in all of Iowa at 4.8 stars. Jesup's splash pad proves that small-town Iowa can deliver exceptional water play. If you're in the Cedar Valley, this is worth the short drive from Waterloo.

### Cedar River Complex — Osage
**Rating:** 4.6

A well-rated facility in northeast Iowa that draws families from across the region.

---

## Sioux City and Northwest Iowa

### Siouxnami Waterpark — Sioux Center
**Type:** Water Park | **Rating:** 4.7 | **Features:** Accessible, Parking, Picnic Areas

The highest-rated water park in Iowa at 4.7 stars. Siouxnami in Sioux Center delivers a modern waterpark experience with slides, splash areas, and strong amenities. Northwest Iowa families consider this the region's best.

### Cone Park — Sioux City
**Rating:** 4.5 | **Features:** Accessible, Parking, Playground

A multi-season park in Sioux City that includes water play features alongside its other attractions. The 4.5 rating reflects a well-designed community facility.

---

## Okoboji and the Iowa Great Lakes

### Bridges Bay Resort — Arnolds Park
**Type:** Indoor Water Play | **Admission:** Free (for guests) | **Rating:** 4.1 | **Features:** Parking, Shade

An indoor waterpark at a resort in the Iowa Great Lakes region. Free for resort guests, making it a good rainy-day option during an Okoboji vacation.

### Boji Splash Indoor Waterpark — Arnolds Park
**Type:** Water Park | **Rating:** 4.2 | **Features:** Accessible, Parking, Picnic Areas

A second indoor waterpark option in Arnolds Park, giving Okoboji vacationers two choices for indoor water play. Having two indoor facilities in one small resort town speaks to how central water play is to the Iowa Great Lakes experience.

---

## Ames

### Furman Aquatic Center — Ames
**Type:** Aquatic Center | **Rating:** 4.5 | **Features:** Accessible, Parking, Restrooms

The Iowa State University city has its own quality aquatic center at 4.5 stars. Furman serves Ames families and visiting families during Iowa State events and football weekends.

---

## Hidden Gems

### Avoca Family Aquatic Center — Avoca
**Type:** Aquatic Center | **Rating:** 4.7 | **Features:** Restrooms

A small-town aquatic center with the second-highest rating in the state at 4.7 stars. Avoca is between Omaha and Des Moines on I-80 — a potential road trip stop worth knowing about.

### Water's Edge Nature Center — Algona
**Rating:** 5.0

A perfect 5.0 rating in north-central Iowa. Water's Edge combines nature education with water features in a unique facility.

### Clarence City Park — Clarence
**Rating:** 4.6 | **Features:** Picnic Areas

A small-town park between Cedar Rapids and the Quad Cities with a 4.6 rating and picnic facilities. The kind of community investment that makes rural Iowa great for families.

---

## Tips for Visiting Iowa Splash Pads

**Aquatic centers are Iowa's strength.** Unlike states where splash pads dominate, Iowa has invested in full aquatic centers with pools, slides, and splash features in a single facility. These offer more than a basic splash pad at a price that's still very affordable.

**Season runs Memorial Day to Labor Day.** Most outdoor facilities open the last weekend of May and close the first weekend of September. Indoor options in Arnolds Park and Tipton operate year-round.

**Lost Island is the destination.** If you're planning a water play trip to Iowa, Lost Island Waterpark in Waterloo is the state's flagship facility. Plan a full day.

**Small towns deliver.** Jesup (4.8), Avoca (4.7), and Clarence (4.6) prove that Iowa's best splash pads aren't always in the biggest cities. Don't overlook the smaller communities.

**I-80 corridor access.** Many of Iowa's best facilities are within 20-30 minutes of Interstate 80, making them accessible stops on cross-country road trips.

---

## Find All 50 Iowa Splash Pads

This guide covers the highlights, but Iowa has 50 water play destinations statewide. Browse the full directory for hours, admission info, and links to each facility.

[Browse All Iowa Splash Pads →](/state/iowa.html)",Published,best-splash-pads-in-iowa,"Find the best splash pads in Iowa for 2026 — Des Moines, Cedar Rapids, Waterloo, Sioux City, and more. Aquatic centers, water parks, and free splash pads with ratings and tips.","Iowa has 50 splash pads, aquatic centers, and water parks — from Des Moines' community parks to waterparks in the Quad Cities and Okoboji area. Here are the best, organized by region.",Best Splash Pads in Iowa: Top Water Play Spots for Families (2026),https://www.thelostisland.com/webres/Image/BlueIguanaLagoon5_1280x690.jpg,
2026-03-02,Splash Pad Locator Staff,"Spring is right around the corner, and if you have kids, you're probably already asking the question: *when do the splash pads open?*

The honest answer is: it depends on where you live. A family in Phoenix may be heading to a splash pad in March while a family in Minnesota is still waiting until June. Opening dates vary by climate, local budget, and how each parks department manages their facilities.

Here's a practical breakdown by region — plus tips on how to find the exact opening date for your local splash pad.

---

## The Short Answer

Most municipally operated splash pads in the United States follow this general calendar:

- **Opens:** Memorial Day weekend (late May)
- **Closes:** Labor Day weekend (early September)

That's the standard season for the majority of the country. But there are significant exceptions in both directions — warmer states open earlier and stay open longer, while some northern states have a shorter window from June to August.

---

## Splash Pad Season by Region

### Year-Round States
*Florida, Hawaii, Southern California, Southern Texas, Louisiana*

In the warmest parts of the country, many splash pads operate year-round or close only during the coldest winter months.

- **Florida** — Most splash pads run year-round in Central and South Florida. North Florida facilities may close November through February.
- **Hawaii** — Year-round operation is the norm.
- **Southern California** — Many facilities in the Los Angeles, San Diego, and Inland Empire areas operate year-round or 10+ months.
- **Southern Texas** — Houston, San Antonio, and the Rio Grande Valley typically see splash pads open by February or March and run through November.
- **Louisiana and Mississippi** — Most facilities open in March or April and run through October.

### Early Season States
*April–May openings*
*Arizona, Nevada, Georgia, South Carolina, North Carolina, Virginia, Tennessee, Alabama, Arkansas, Oklahoma, New Mexico*

These states have warm springs that allow splash pads to open weeks before the national Memorial Day standard.

- **Arizona** — Phoenix and Tucson facilities often open in March or April. The heat means many run through October, with some closing mid-summer during the hottest weeks.
- **Nevada** — Las Vegas-area splash pads typically open in April.
- **Georgia, South Carolina, Alabama** — Late April to early May is common, with seasons running through September.
- **Tennessee, North Carolina, Virginia** — Mid-May openings are typical, often closing mid-September.
- **Oklahoma, Arkansas** — Late April through September is the common window.

### Standard Season States
*Memorial Day to Labor Day*
*Illinois, Indiana, Ohio, Michigan, Iowa, Missouri, Kansas, Nebraska, Maryland, Delaware, New Jersey, Pennsylvania, New York, Colorado, Utah, Oregon, Washington*

The majority of U.S. states follow this calendar. Memorial Day weekend marks the official start of summer, and most parks departments align splash pad opening with it.

- Expect **late May through early September** for most facilities.
- Some larger aquatic centers in this region may open a week or two earlier for the season, or stay open a week or two past Labor Day.
- Indoor facilities in this region often operate year-round regardless of weather.

### Short Season States
*June to mid-August*
*Maine, New Hampshire, Vermont, Massachusetts, Rhode Island, Connecticut, Minnesota, Wisconsin, Montana, Wyoming, North Dakota, South Dakota, Idaho, Michigan's Upper Peninsula*

In the northernmost states and high-altitude locations, summer arrives later and leaves earlier. Splash pad seasons are shorter but often intense — facilities see heavy use in a compressed July–August window.

- Many facilities in these states open **mid-June** and close **mid-August** or around Labor Day.
- Cold springs can push openings later; an unusually warm spring may pull them forward.
- Minnesota and Wisconsin vary considerably by location — southern parts of those states often align with the standard season.

---

## What Affects Your Local Opening Date

Even within these regional patterns, every facility is different. A few factors that can shift opening day earlier or later:

**Weather** — A cold spring delays everything. Municipal parks departments often wait until consistent daytime temperatures reach the 70s before activating water systems.

**Staffing** — Facilities that require lifeguards on duty can be delayed if hiring is slow. Unstaffed splash pads (ground-level jets with no standing water) typically open earlier and stay open longer.

**Maintenance and Inspection** — Water systems have to be turned on, tested, and inspected after winter. Facilities that deferred maintenance may open later than expected.

**Budget** — Municipal splash pads operate on parks department budgets. Funding cuts can shorten seasons or delay openings. It's worth checking local news in early spring if your city has had budget discussions.

---

## How to Find Your Local Splash Pad's Opening Date

The most reliable sources, in order:

1. **The city or county parks department website** — Search ""[your city] parks and recreation"" and look for the aquatics or splash pad section. Many parks departments post their seasonal schedule in March or April.

2. **The facility's page on SplashPadLocator.com** — Each listing includes a link to the official website where hours and seasonal dates are posted.

3. **Call the facility directly** — If a phone number is listed, a quick call in April will get you a definitive answer.

4. **The facility's Facebook or Instagram page** — Many parks departments post opening day announcements on social media before updating their websites.

5. **Google Maps** — Search the facility name and check the hours panel. Some locations are updated by the facility or by community members when seasonal hours change.

---

## Tips for Making the Most of Opening Season

**Go on opening weekend.** The first weekend of the season is often less crowded than peak July, and kids who've been waiting all spring are especially excited. Take advantage of the novelty.

**Go early in the day.** Splash pads are busiest between 11am and 2pm. Arriving at opening time — often 9 or 10am — means shorter lines, cooler air temperatures, and a less chaotic experience for younger kids.

**Weekdays are quieter.** If you have flexibility, Tuesday and Wednesday mornings are typically the least crowded days at most public splash pads.

**Check for extended hours in June and July.** Some facilities run shorter hours in May and September (when demand is lower) and extend to full hours once school is out. The schedule at opening may not be the summer schedule.

---

## Find Splash Pads in Your State

Ready to start planning? Browse splash pads by state to find facilities near you — each listing includes hours, admission info, and a link to the official site where you can confirm this season's opening date.

[Browse Splash Pads by State →](/)

---

*Hours and seasonal dates change year to year. Always confirm directly with the facility before making a special trip.*",Published,when-do-splash-pads-open,"When do splash pads open? Most open Memorial Day weekend, but warm-climate states run nearly year-round. A regional, state-by-state guide to splash pad seasons across the U.S.","Most splash pads open Memorial Day weekend and close after Labor Day — but timing varies widely by state and climate. Here's a regional guide to splash pad seasons across the U.S., plus tips for finding your local opening date.",When Do Splash Pads Open? A State-by-State Seasonal Guide,https://res.cloudinary.com/dnmrgvjdm/image/upload/v1772432093/OpeningToday_raf2tu.png,
2026-03-23,Splash Pad Locator Staff,"Most splash pads are designed to be self-entertaining — the jets, sprayers, and dumping buckets provide the fun. But if you've ever watched a toddler spend 40 minutes pouring water from one cup to another while completely ignoring the $200,000 spray feature three feet away, you know that sometimes the simplest toys are the ones that extend a visit from ""we just got here"" to ""it's been two hours and they still won't leave.""

The right splash pad toys don't need to be fancy. They need to interact with water in a way that's interesting, be easy to carry, and not cause problems with other families sharing the space.

Here's what works, what doesn't, and what to leave in the car.

---

## Best Toys for Toddlers (Ages 1-3)

Toddlers at splash pads are less interested in the big spray features and more interested in what they can hold, pour, scoop, and fill. These toys support that instinct.

### Stacking Cups / Nesting Cups
**Why they work:** Toddlers will fill, pour, stack, and dump these for an absurdly long time. They're the single most effective splash pad toy for this age group. The ones with holes in the bottom are even better — watching water drain through the holes is endlessly fascinating at 18 months.

**What to look for:** BPA-free plastic, bright colors, 5-8 cups that nest for easy transport. Skip the ones with complex mechanisms — simple cups with drainage holes are best.

### Soft Squeeze Toys
**Why they work:** Rubber squeeze toys (animals, balls, letters) can be filled with water and squeezed to make a stream. The cause-and-effect of squeeze-and-spray is exactly the kind of repetitive play that toddlers thrive on. Plus they float in puddles.

**What to look for:** Soft silicone or rubber, easy to grip with wet hands, no small parts. Mold-resistant designs with large openings dry faster and stay cleaner between visits.

### Small Watering Cans
**Why they work:** A toddler with a small watering can at a splash pad is a toddler who is fully engaged. They'll fill it from the spray features, pour it on the ground, pour it on their feet, pour it on your feet, and repeat. It bridges the gap between the splash pad's built-in features and self-directed play.

**What to look for:** Lightweight (under 1 lb when full), small capacity (16-24 oz), easy-grip handle. Metal ones get hot in the sun — stick to plastic.

### Foam Letters and Numbers
**Why they work:** Foam bath letters stick to wet surfaces. Toddlers can press them onto the splash pad surface, and older toddlers (2-3) will start arranging letters and learning while they play. They float in puddles and are nearly indestructible.

**What to look for:** EVA foam (the same material as bath letters), bright colors, large enough not to be a choking hazard. Bring a mesh bag to carry them.

---

## Best Toys for Preschoolers (Ages 3-5)

Preschoolers are ready for more interactive water play. They want to aim, build, race, and create. These toys channel that energy.

### Water Wheels and Funnels
**Why they work:** Pour water into the top, and watch it spin wheels, turn gears, and flow through channels on the way down. Water wheels give preschoolers a sense of cause-and-effect and keep them engaged at a single station for extended periods.

**What to look for:** Suction-cup bases that stick to wet surfaces, multiple pouring points, durable ABS plastic. The ones designed for bath use work equally well at splash pads.

### Splash Balls (Reusable Water Balloons)
**Why they work:** These sponge or silicone balls absorb water and can be thrown, squeezed, or dunked. They provide the fun of water balloons without the environmental mess. Kids soak them under a spray feature and throw them at each other (or at you).

**What to look for:** Reusable silicone or sponge construction, bright colors (easier to find when they roll away), packs of 4-6 so there are enough to share. Avoid the magnetic-seal reusable balloons — the magnets can separate.

### Small Buckets with Shovels
**Why they work:** Even without sand, a bucket at a splash pad gives kids a mission: fill it up. They'll carry water from feature to feature, dump it, and start over. Add a small shovel or scoop and they'll channel water between puddles.

**What to look for:** Sturdy but lightweight, comfortable handle, 1-2 quart capacity. Sand castle sets work perfectly — you probably already own one.

### Water Guns (Small Ones)
**Why they work:** Small water pistols and squirters are a splash pad staple for preschoolers. Fill them from the spray features, aim at each other or at a target, repeat. They add a layer of active play that the splash pad's built-in features can't provide.

**What to look for:** Small size (fits in a preschooler's hand), easy trigger or squeeze mechanism, low pressure. Save the Super Soakers for the backyard — at a crowded splash pad, small squirters are more appropriate. More on this below.

---

## Best Toys for School-Age Kids (Ages 5+)

Older kids often get bored at splash pads faster than toddlers — they've figured out the features and want more complexity. These toys add a layer of challenge and creativity.

### Water Blasters (Appropriate Size)
**Why they work:** A mid-size water blaster turns a splash pad visit into an active game. Older kids will create their own rules, set up targets, and chase each other between spray features. The splash pad becomes a playing field rather than just an attraction.

**A note on etiquette:** Large, high-pressure water guns can hit hard and upset younger kids. Choose medium-sized blasters and teach your kids to aim at each other (consenting participants only), not at random toddlers. If the splash pad is crowded with little ones, save the blasters for another day.

### Dive Sticks and Sinking Toys (for Wading Features)
**Why they work:** At splash pads with shallow wading pools or collection areas, dive sticks and sinking toys give kids a retrieve-and-repeat game. Toss them into the shallow water and race to grab them.

**What to look for:** Brightly colored (easy to spot in murky water), weighted to sink but not too heavy, sets of 4-6.

### Frisbees and Splash Discs
**Why they work:** Soft foam frisbees and splash discs can be thrown through spray features, creating a hybrid game that combines catching with dodging water. They add a physical activity layer to what can otherwise become passive standing-in-water play.

**What to look for:** Soft foam or fabric (no hard plastic that could hurt someone), water-resistant material that doesn't get waterlogged.

---

## What NOT to Bring to a Splash Pad

### Sand Toys with Sand Still in Them
Sand and splash pad drains are enemies. Sand clogs the filtration systems that keep splash pad water clean. If you bring beach toys, make sure they're rinsed clean of sand before the visit.

### Large Super Soakers
High-powered water guns with pressurized streams hit hard and travel far. At a splash pad shared with toddlers and babies, a Super Soaker stream to the face of a 2-year-old is going to ruin someone's day and probably start a confrontation. Small squirters are fine. Artillery is not.

### Inflatable Pool Toys
Pool floats, inflatable rings, and water wings are designed for pools with standing water. Splash pads don't have standing water, so these toys serve no purpose and take up space in common areas.

### Electronics (Obviously, but Still)
Waterproof speakers, tablets in ""waterproof"" cases, and underwater cameras all seem like good ideas until they're not. Leave the electronics under your shade tent. The kids don't need them, and neither do the other families at the splash pad.

### Glass Containers
Some families bring glass water bottles or glass food containers. Splash pad surfaces are hard — concrete, rubber, or tile. One drop and you have broken glass in a barefoot zone. Bring plastic or stainless steel only.

---

## How to Pack Splash Pad Toys

The key to bringing toys to a splash pad is making them easy to carry and easy to clean up.

**Use a mesh bag.** A large mesh laundry bag or mesh beach tote holds all the toys, drains water on the walk back to the car, and dries quickly. Solid bags trap water and breed mildew.

**Bring fewer toys than you think.** Three or four well-chosen toys are better than a bag of ten. Kids at a splash pad have the splash pad itself as the primary entertainment — toys are supplements, not the main event.

**Label everything.** Splash pad toys migrate. Other kids pick them up, they float to the other side of the pad, or they get left behind. A piece of colored tape or a Sharpie initial on each toy makes retrieval easier and prevents accidental claims.

**Rinse and dry after every visit.** Splash pad water is treated but not sterile. Rinse toys with clean water when you get home and let them air dry completely before storing. This prevents mold and extends the life of foam and rubber toys.

---

## The Best Toy Is Already at the Splash Pad

Here's the honest truth: the splash pad itself is the toy. The jets, sprayers, bubblers, and dumping buckets were designed by engineers to be interactive, safe, and engaging. Most kids — especially on their first few visits — don't need anything extra.

Toys become more valuable on repeat visits when the novelty of the features has faded, or for toddlers who prefer quiet, self-directed water play at the edges rather than running through the main spray features.

Start with one or two simple items — a cup and a squeeze toy for toddlers, a splash ball and a small squirter for older kids — and add from there based on what your child actually uses.

---

## Quick-Pick Product Recommendations

Here are specific products that work well at splash pads, available from major retailers:

### For Toddlers (Ages 1-3)
- **Munchkin Caterpillar Spillers Stacking Cups** — The classic nesting cups with drainage holes. Cheap, durable, and endlessly entertaining at a splash pad. [View on Amazon](https://www.amazon.com/Munchkin-Caterpillar-Spillers-Stacking-Straining/dp/B000V9A2S0)
- **Green Toys Watering Can** — Made from 100% recycled plastic, BPA-free, and sized perfectly for toddler hands. Lightweight enough for an 18-month-old to carry when full. [View on Amazon](https://www.amazon.com/Green-Toys-Watering-Can-Toy/dp/B00SUSUVSK)
- **Munchkin Ocean Squirts Bath Toys (8-pack)** — Soft squeeze toys that fill with water and squirt. Sized for little hands, each ocean animal floats and squirts. Work just as well at a splash pad as in the tub. [View on Amazon](https://www.amazon.com/Munchkin-Ocean-Squirts-Bath-pack/dp/B0010SGZEG)

### For Preschoolers (Ages 3-5)
- **Melissa & Doug Seaside Sidekicks Sand & Water Sifting Funnel** — A multi-level funnel and water wheel toy that gives preschoolers a pour-and-watch station. Suction cup base sticks to wet surfaces. [View on Amazon](https://www.amazon.com/Melissa-Doug-Seaside-Sidekicks-Sifting/dp/B007EA6RCY)
- **SOPPYCID Reusable Water Splash Balls (6-pack)** — Soft silicone balls that absorb water and can be thrown without hurting anyone. Self-sealing, latex-free, and come with a mesh bag. A better alternative to water balloons — no cleanup, no waste. [View on Amazon](https://www.amazon.com/SOPPYCID-Reusable-Balloons-Sealing-Activites/dp/B0BZTZ99XS)

### For School-Age Kids (Ages 5+)
- **BEFANS Reusable Water Splash Balls (60-pack)** — Soft cotton splash balls that absorb water instantly. At 60 pieces, there are enough for group play and they're easy to share. Machine washable. [View on Amazon](https://www.amazon.com/Reusable-Water-Balloons-Outdoor-Adults/dp/B0BZMWGNN8)

### For Carrying Everything
- **Mesh Beach Bag** — Any large mesh tote works. The mesh lets water drain on the walk to the car and air-dries the toys. Search ""mesh beach bag"" on Amazon — most options under $15 work fine.

[Find a splash pad near you →](/)
",Published,best-splash-pad-toys-for-kids,"The best splash pad toys for kids in 2026. Water guns, scoop toys, splash balls, and more — plus what NOT to bring. Practical picks for toddlers through school-age kids.",The right toys can extend a splash pad visit from 30 minutes to two hours. Here are the best water toys to bring to a splash pad — and a few you should leave in the car.,Best Splash Pad Toys for Kids: What to Bring (and What to Leave Home),https://res.cloudinary.com/dnmrgvjdm/image/upload/v1773846590/SplashPadToys_tbqniu.png,
2026-02-27,Splash Pad Locator Team  ,"<div class=""affiliate-disclosure"">
  <strong>Disclosure:</strong> This post may contain affiliate links. If you purchase through a link on this page, we may earn a small commission at no extra cost to you. We only recommend products we genuinely believe in. Thank you for supporting Splash Pad Locator.
</div>

*This article is for informational purposes only and is not a substitute for professional medical advice. Consult your pediatrician or a board-certified dermatologist for personalized sun protection guidance for your child.*

---

We've spent a lot of time at splash pads — researching listings, visiting parks, and talking to families across the country. And if there's one thing we hear over and over from parents, it's this: ""I didn't think we'd need to reapply so soon.""

Splash pads are sneaky when it comes to sun exposure. The combination of reflective wet pavement, direct overhead sun, and kids running around for two or three hours makes it one of the highest-risk outdoor environments for sunburn. We take sunscreen seriously, and after testing and researching dozens of products, these are our honest picks for the best sunscreens to bring to a splash pad.

---

## How We Scored These Sunscreens

We evaluated each product across four criteria and assigned a **Splash Pad Protection Score out of 10**:

- **SPF level** — higher is better, especially for children
- **Water resistance** — 80-minute rating is the gold standard for water play
- **Formula safety** — mineral (zinc oxide/titanium dioxide) formulas score higher for young children due to immediate efficacy and lower irritation risk
- **Ease of application** — sticks, lotions, and sprays each have trade-offs; we favor formulas that apply evenly without leaving white cast issues

---

## Splash Pad Protection Scores at a Glance

<div class=""blog-chart-wrap"">
  <canvas id=""sunscreen-chart"" data-chart='{""type"":""bar"",""data"":{""labels"":[""Blue Lizard Kids SPF 50+"",""Thinkbaby SPF 50+"",""Badger Kids SPF 40"",""Aveeno Baby SPF 50"",""Sun Bum Kids SPF 50"",""Neutrogena Beach Defense SPF 70"",""Banana Boat Kids SPF 50"",""Coppertone Sport SPF 50""],""datasets"":[{""label"":""Splash Pad Protection Score (out of 10)"",""data"":[9.5,9,8.5,8,7.5,7,6,5.5],""backgroundColor"":[""#0891b2"",""#0891b2"",""#0e7490"",""#0e7490"",""#22d3ee"",""#22d3ee"",""#a5f3fc"",""#a5f3fc""],""borderRadius"":4}]},""options"":{""indexAxis"":""y"",""responsive"":true,""maintainAspectRatio"":false,""plugins"":{""legend"":{""display"":false},""tooltip"":{""callbacks"":{}}},""scales"":{""x"":{""min"":0,""max"":10,""ticks"":{""stepSize"":2},""title"":{""display"":true,""text"":""Score out of 10""}},""y"":{""ticks"":{""font"":{""size"":12}}}}}}'>
  </canvas>
</div>
<p class=""blog-chart-caption"">Splash Pad Protection Score by sunscreen product. Scores reflect SPF level, 80-minute water resistance, formula safety for children, and ease of application. Higher is better. Scores are editorial opinions based on product research and testing — verify current formulas with each manufacturer.</p>

---

## Our Top Picks

### 1. Blue Lizard Kids SPF 50+ — Our Top Pick

**Score: 9.5/10**

Blue Lizard is our number one recommendation for splash pads, and it's not particularly close. This is a mineral-only formula (zinc oxide and titanium dioxide) that provides immediate protection upon application — no waiting 15-30 minutes like chemical sunscreens. It's fragrance-free, paraben-free, and reef-safe.

What we love most is the bottle cap that turns pink in UV light — a genuinely useful reminder to reapply that kids find fun rather than annoying. The lotion applies smoothly without the thick white cast that plagues many zinc-based formulas.

**Best for:** All ages, especially babies 6 months and older and kids with sensitive skin.

---

### 2. Thinkbaby SPF 50+ — Best for the Most Cautious Parents

**Score: 9/10**

Thinkbaby was one of the first sunscreens to be rated ""Best"" by the Environmental Working Group (EWG), and it's maintained that status year after year. It's a clean mineral formula with a short, straightforward ingredient list — exactly what you want when you're slathering something on a toddler's skin multiple times a day.

It's slightly thicker to apply than Blue Lizard, which is our only critique. But if your priority is the cleanest possible formula above all else, Thinkbaby is your product.

**Best for:** Families prioritizing clean/non-toxic ingredients, toddlers and babies.

---

### 3. Badger Kids SPF 40 — Best Natural Option

**Score: 8.5/10**

Badger is USDA-certified organic and uses a simple two-ingredient active formula: zinc oxide and sunflower oil. It smells faintly of chamomile and lavender, which parents either love or find too strong — worth knowing before you buy.

Our one note of caution: SPF 40 is good but lower than the SPF 50+ we'd ideally recommend for full-day splash pad visits. We'd pair this with a rash guard for extra coverage on the hottest summer days.

**Best for:** Families who prefer certified organic products, older kids and adults.

---

### 4. Aveeno Baby SPF 50 — Best for Sensitive and Eczema-Prone Skin

**Score: 8/10**

Aveeno Baby has earned its place in millions of pediatrician waiting rooms for good reason. The oat-based formula is genuinely gentle — we've seen it work beautifully on kids who react to almost every other sunscreen. It's a mineral formula with SPF 50 and 80-minute water resistance.

It does leave a mild white cast, and it requires patient application to blend in fully. Worth the extra 60 seconds for kids with skin sensitivities.

**Best for:** Kids with sensitive skin, eczema, or a history of sunscreen reactions.

---

### 5. Sun Bum Kids SPF 50 — Best Everyday Option

**Score: 7.5/10**

Sun Bum has built a loyal following among beach and pool families, and the kids line earns that reputation. It's a mineral formula, applies easily, smells pleasant (banana, naturally), and comes in a convenient pump bottle that makes reapplication quick at a busy splash pad.

Our honest take: it's not quite as clean an ingredient list as Blue Lizard or Thinkbaby, but it's a very solid everyday choice that kids don't fight you on — and that matters when you're chasing a six-year-old around a splash pad.

**Best for:** Families who need quick, easy reapplication and want something kids will tolerate.

---

### 6. Neutrogena Beach Defense SPF 70 — Best High-SPF Option

**Score: 7/10**

If maximum SPF is your primary concern, Neutrogena Beach Defense delivers. SPF 70 with 80-minute water resistance is one of the most protective formulas you can buy at a drugstore. It's also consistently rated highly by Consumer Reports.

The trade-off: it's a chemical sunscreen, not mineral. That means it needs to be applied 15-30 minutes before sun exposure to activate, and it's not our first choice for very young children. For older kids (8+) and adults, it's an excellent high-protection option.

**Best for:** Older children and adults, fair-skinned individuals who want maximum SPF coverage.

---

### 7. Banana Boat Kids SPF 50 — Best Budget Option

**Score: 6/10**

Banana Boat Kids is widely available, affordable, and works. It's a chemical formula with SPF 50 and 80-minute water resistance — solid fundamentals at a price point that makes it easy to apply generously without rationing.

We rank it lower primarily because it's a chemical formula (less ideal for young children) and the ingredient list is longer than we'd prefer. But if budget is a constraint, this is a reliable choice and far better than skipping sunscreen or under-applying an expensive formula.

**Best for:** Budget-conscious families, older children, backup sunscreen to keep in the bag.

---

### 8. Coppertone Sport SPF 50 — Best for Active Adults

**Score: 5.5/10**

Coppertone Sport is a great sunscreen — just not specifically designed for kids at splash pads. It's a chemical formula built for high-sweat athletic activity, which makes it excellent for parents and older teenagers. It's not what we'd reach for on a toddler.

We include it here because many families use one sunscreen for everyone, and if that's your approach, Coppertone Sport is a dependable choice for the adults in your group.

**Best for:** Parents and older teenagers, families using a single sunscreen for everyone.

---

## Our Overall Recommendation

For most families heading to a splash pad, **Blue Lizard Kids SPF 50+** is our top pick. It's mineral-based, works immediately, is gentle on young skin, and has the UV-reactive cap that makes reapplication a feature rather than a chore.

If you have a baby or a child with very sensitive skin, **Thinkbaby** is worth the slight premium for the cleanest ingredient list available.

Whatever you choose, the most important thing is applying enough of it — at least 30 minutes before you leave the house — and reapplying every two hours or after toweling off. A great sunscreen applied too late or too sparingly won't protect your family the way it should.

---

## Quick Comparison

| Product | SPF | Formula | Water Resistance | Our Score |
|---------|-----|---------|-----------------|-----------|
| Blue Lizard Kids | 50+ | Mineral | 80 min | 9.5/10 |
| Thinkbaby | 50+ | Mineral | 80 min | 9/10 |
| Badger Kids | 40 | Mineral | 80 min | 8.5/10 |
| Aveeno Baby | 50 | Mineral | 80 min | 8/10 |
| Sun Bum Kids | 50 | Mineral | 80 min | 7.5/10 |
| Neutrogena Beach Defense | 70 | Chemical | 80 min | 7/10 |
| Banana Boat Kids | 50 | Chemical | 80 min | 6/10 |
| Coppertone Sport | 50 | Chemical | 80 min | 5.5/10 |

---

*Want more splash pad prep tips? Read our [Ultimate Splash Pad Packing List](/blog/what-to-pack-for-a-splash-pad-day.html) and our full [Splash Pad Sun Safety Guide](/blog/splash-pad-sun-safety.html).*
",Published,best-sunscreens-for-kids-splash-pads,"We ranked the 8 best sunscreens for kids at splash pads — mineral vs chemical, SPF levels, water resistance, and our honest editorial picks for every family. ","We've spent a lot of time at splash pads, and sunscreen is one thing we never compromise on. Here are our honest, ranked picks for the 8 best sunscreens for kids — from mineral formulas for babies to high-SPF options for older kids and parents.",Best Sunscreens for Kids at Splash Pads: Tested and Ranked ,https://res.cloudinary.com/dnmrgvjdm/image/upload/v1772230549/SunscreenDecision_w3baos.png,
2026-03-26,Splash Pad Locator Staff,"Anyone who's driven I-95 with kids knows the drill: two hours in, someone needs to move. Three hours in, everyone needs to move. The standard rest stop and fast food combo gets old quickly, and by the time you hit your fourth Buc-ee's or McDonald's, the kids are climbing the seats.

Here's a better plan: splash pads.

I-95 runs 1,920 miles from Miami to the Canadian border, passing through 15 states and some of the most family-friendly communities on the East Coast. Many of them have splash pads within 10-15 minutes of the highway — close enough for a detour that breaks up the drive, tires the kids out, and gets everyone back in the car in a better mood.

Here are the best splash pad stops along I-95, organized from south to north.

---

## Florida

Florida has the most splash pads along the I-95 corridor of any state, and the warm climate means many operate year-round.

### Splash-N-Play — Coral Springs
**Rating:** 5.0 | **Features:** Accessible, Parking, Playground
A perfect 5.0 rating near the Fort Lauderdale area. Just west of I-95, Splash-N-Play combines a splash pad with a playground — the ideal highway-break combo.

### Burns Road Aquatic Complex — Palm Beach Gardens
**Rating:** 4.5 | **Features:** Accessible, Parking, Restrooms
Right off I-95 in Palm Beach County. The aquatic complex offers splash features and pools in a well-maintained facility.

### Homestead Bayfront Park — Homestead
**Rating:** 4.5
Near the southern end of I-95 before the Keys. A waterfront park with splash features and bay views — a scenic stop if you're heading to or from Key West.

### New Port Richey Recreation & Aquatic Center — New Port Richey
**Rating:** 4.5
While technically off the I-95 corridor (it's on Florida's Gulf coast), this facility earned a 30% click-through rate in our Search Console data — the highest of any listing. Families actively seek it out.

[Browse all Florida splash pads →](/state/florida.html)

---

## Georgia

### Forsyth Park — Savannah
**Admission:** Free | **Rating:** 4.8 | **Features:** Accessible, Parking, Playground
The crown jewel of the I-95 Georgia corridor. Savannah is a natural rest stop between Jacksonville and Charleston, and Forsyth Park's free splash features sit in one of the most beautiful urban parks in the South. Worth building a lunch stop around.

### Lenora Park — Snellville
**Rating:** 4.5
Near the Atlanta perimeter if you're taking I-85/I-95 through Georgia. A solid community splash pad stop.

[Browse all Georgia splash pads →](/state/georgia.html)

---

## South Carolina

### Myrtle Beach Area
Myrtle Beach is just off I-95 via US-501 (about 70 miles east), and it's loaded with water parks and splash pads. If your road trip schedule allows a half-day detour, the Myrtle Beach water park corridor is one of the best on the East Coast.

### Fort Mill Aquatics Center — Fort Mill
**Rating:** 4.5
Just south of Charlotte on I-77 (which connects to I-95 via I-85). A strong community aquatic center near the state line.

### North Charleston Wannamaker County Park — North Charleston
**Rating:** 4.7 | **Features:** Accessible, Parking, Picnic Areas
Right off I-26/I-95 interchange near Charleston. Wannamaker's splash features and park amenities make it an excellent highway break.

[Browse all South Carolina splash pads →](/state/south-carolina.html)

---

## North Carolina

### Pullen Park — Raleigh
**Admission:** Free | **Rating:** 4.7 | **Features:** Accessible, Parking, Playground
About 25 minutes west of I-95 via I-40. Pullen Park is one of the oldest amusement parks in the country with free splash features, a carousel, and paddle boats. Worth the short detour.

### Ernest Garrett Sr. Memorial Natatorium — Durham
**Admission:** Free | **Rating:** 5.0 | **Features:** Accessible, Parking, Restrooms
A perfect 5.0 rating and free admission. Durham is a short hop from I-85 (which parallels I-95 through central NC). The highest-rated aquatic facility in North Carolina.

### Spring Lake Splash Pad — Spring Lake
**Rating:** 4.5 | **Features:** Accessible, Parking, Playground, Restrooms
Near Fayetteville, directly on the I-95 corridor. Full amenities and a 4.5 rating make this one of the most convenient I-95 splash pad stops in North Carolina.

[Browse all North Carolina splash pads →](/state/north-carolina.html)

---

## Virginia

### Taylor Farm Park — Sandston
**Admission:** Free | **Rating:** 4.8
Near Richmond, just off I-64/I-95. A free splash pad with a 4.8 rating — one of the best-rated stops on the entire I-95 corridor.

### Clemyjontri Park — McLean
**Rating:** 4.8
In the Northern Virginia suburbs, close to the I-495/I-95 interchange. An inclusive playground and splash features designed for children of all abilities.

### River Mill Park — Occoquan Historic District
**Admission:** Free | **Rating:** 4.8
Just off I-95 in the charming historic town of Occoquan. Free splash features in a walkable riverfront district — combine with lunch at a local restaurant for a memorable road trip break.

[Browse all Virginia splash pads →](/state/virginia.html)

---

## Maryland

### Stanley Fulton Memorial Splash Pad — Hancock
**Admission:** Free | **Rating:** 5.0 | **Features:** Accessible, Parking, Restrooms
A perfect 5.0 rating with free admission. Hancock is along I-70 (connecting to I-95 via I-68), making this a solid western Maryland stop.

### Downs Park — Pasadena
**Admission:** Free | **Rating:** 4.7
Near Baltimore, accessible from I-95 via I-97. A free park with splash features in Anne Arundel County.

[Browse all Maryland splash pads →](/state/maryland.html)

---

## Delaware

### Jungle Jim's — Rehoboth Beach
**Rating:** 4.5 | **Features:** Accessible, Parking, Restrooms
Rehoboth Beach is about 45 minutes east of I-95 via DE-1. If your road trip schedule allows a beach detour, Jungle Jim's adds water play to the shore experience.

### Lums Pond State Park — Bear
**Rating:** 4.7 | **Features:** Picnic Areas
Just off I-95 near the Delaware/Maryland line. A state park with water features and picnic areas — a natural highway break in a park setting.

[Browse all Delaware splash pads →](/state/delaware.html)

---

## Pennsylvania

### Philadelphia — Multiple Options
Philadelphia sits directly on I-95 and has multiple splash pad options through its parks system. The city's spray parks are free and scattered across neighborhoods, making it easy to find one near your route through the city.

[Browse all Pennsylvania splash pads →](/state/pennsylvania.html)

---

## New Jersey

### Neverland Fun — Berkeley Heights
**Admission:** Free | **Rating:** 4.9
A free family fun facility with a 4.9 rating. Berkeley Heights is accessible from the I-95/NJ Turnpike corridor via I-78.

[Browse all New Jersey splash pads →](/state/new-jersey.html)

---

## New York

### NYC Boroughs
If your I-95 route takes you through New York City (it does, unless you take I-287 around), the city's Parks Department operates 150+ free spray showers across all five boroughs. Pier 6 Playground in Brooklyn Heights (4.8), Gansevoort Peninsula in Manhattan (4.9), and Charybdis Playground in Astoria (4.8) are among the best.

### Triangle Park — Stamford, CT (just across the NY/CT line)
**Rating:** 4.8
Right off I-95 in downtown Stamford. A highly rated splash pad that's practically on the highway ramp.

[Browse all New York splash pads →](/state/new-york.html)

---

## Connecticut

### Mill River Park — Stamford
**Admission:** Free | **Rating:** 4.6
Another Stamford option, free and well-rated. The I-95 corridor through Connecticut's Gold Coast puts several splash pads within easy reach.

### Old Saybrook Parks & Recreation — Old Saybrook
**Rating:** 4.9
Off I-95 on the Connecticut shoreline. A 4.9-rated community facility in a charming coastal town.

[Browse all Connecticut splash pads →](/state/connecticut.html)

---

## Massachusetts

### Artesani Playground Wading Pool and Spray Deck — Boston
**Admission:** Free | **Rating:** 4.6
Free splash features along the Charles River in Boston. If your I-95 route takes you through the city, this is a scenic, free stop.

### Amesbury Town Park — Amesbury
**Admission:** Free | **Rating:** 4.6
Right on the Massachusetts/New Hampshire border near I-95. A free community splash pad that's practically a highway-adjacent stop.

[Browse all Massachusetts splash pads →](/state/massachusetts.html)

---

## New Hampshire

### Aqua Land Splash Pad — Newmarket
**Rating:** 4.7 | **Features:** Accessible, Parking, Playground
Close to the I-95 corridor in southern New Hampshire. A well-rated splash pad with a playground — exactly what road-tripping families need.

[Browse all New Hampshire splash pads →](/state/new-hampshire.html)

---

## Maine

### Portland Area
Portland is directly on I-95 and marks the point where many family road trips either begin or end their East Coast journey. The city's parks offer seasonal water play options during Maine's compact June-August summer.

[Browse all Maine splash pads →](/state/maine.html)

---

## Road Trip Planning Tips

**Build splash pad stops into your itinerary.** Don't treat them as emergencies — plan them as scheduled breaks every 2-3 hours. Kids handle long drives better when they have something to look forward to.

**Morning stops are best.** If you're starting early, a splash pad break around 10-11am lets kids burn energy before the afternoon car-nap window.

**Pack a splash pad kit.** Keep a dedicated bag in the car with towels, a change of clothes per kid, sunscreen, and water shoes. When you can pull off and be splash-ready in 5 minutes, you'll actually use these stops.

**Check hours before you exit.** Most community splash pads operate 10am-7pm during summer, but hours vary. A quick phone call or website check before you exit the highway prevents disappointment.

**Free stops save money.** Road trips are expensive. Many of the best splash pads on this list are completely free — which means your highway break costs nothing but time.

---

## Plan Your I-95 Splash Pad Route

Every state on I-95 has splash pads within reach of the highway. Browse by state to build your custom road trip splash pad itinerary.

[Browse Splash Pads by State →](/)",Published,best-splash-pads-road-trip-i95,"The best splash pads along I-95 for family road trips in 2026. State-by-state stops from Florida to Maine with ratings, admission info, and how far off the highway each one is.","Driving I-95 with kids? Here are the best splash pads along the East Coast corridor — from Florida to Maine — where you can pull off the highway, let the kids burn energy, and get back on the road refreshed.",Best Splash Pads for Road Trips on I-95: Cool Off from Florida to Maine,https://res.cloudinary.com/dnmrgvjdm/image/upload/v1773860742/Roadtrip_xzf5s7.png,
2026-04-15,Splash Pad Locator Staff,"Water play is one of the richest sensory experiences available to children. The temperature of the water, the sound of the sprayers, the feeling of wet ground underfoot, the unpredictability of timed jets — for most kids, this combination is thrilling. For children with sensory processing differences, it can be overwhelming, frightening, or deeply uncomfortable.

But here's the thing: it can also be profoundly calming, regulating, and joyful.

Many occupational therapists use water play as a therapeutic tool precisely because water provides deep sensory input that helps regulate the nervous system. The key isn't avoiding splash pads — it's finding the right one, visiting at the right time, and giving your child the tools to engage on their own terms.

This guide is for parents and caregivers of children with autism spectrum disorder (ASD), sensory processing disorder (SPD), or other sensory sensitivities who want to include splash pads in their child's summer but need a plan.

---

## Why Splash Pads Can Be Hard for Sensory-Sensitive Kids

Understanding the specific sensory challenges helps you plan around them.

### Sound
Splash pads are loud. Water hitting concrete, children screaming with excitement, the mechanical hum of pumps, and the whoosh of pressurized jets create a cacophony that can overwhelm a child with auditory sensitivity. The sound is also unpredictable — a jet might activate suddenly, or a dumping bucket might crash without warning.

### Touch
Water temperature, texture, and pressure vary across a splash pad. Ground surfaces change from dry to wet to slippery. Some children find the sensation of water hitting their skin from unexpected angles distressing, especially if they're sensitive to light touch or have tactile defensiveness.

### Visual
Splash pads can be visually busy — moving water, flashing reflections, crowds of children running in every direction. For a child who is visually overstimulated easily, this environment can be difficult to process.

### Unpredictability
Many splash pad features are timed or sensor-activated, meaning they turn on and off without warning. For children who rely on predictability and routine to feel safe, this randomness is the hardest part.

---

## What to Look For in a Sensory-Friendly Splash Pad

Not all splash pads are created equal for sensory-sensitive visitors. Here's what to look for:

### Gentle, Low-Pressure Features
Avoid splash pads where the primary attractions are high-pressure jets, water cannons, and dumping buckets. Look for facilities with:
- Ground-level bubblers that gurgle rather than spray
- Misting arches that provide soft, diffuse water contact
- Water tables or shallow channels where children can touch water on their own terms
- Adjustable or variable-intensity features

### Separate Zones
The best splash pads for sensory-sensitive children have distinct areas — a gentle toddler zone separated from the high-energy main area. This allows your child to engage with water at a lower intensity while other children play more aggressively nearby.

### Open Sight Lines
A splash pad with clear sight lines lets your child see the entire space from the edge before entering. Enclosed or maze-like layouts can feel claustrophobic and unpredictable. Open, circular, or fan-shaped designs give sensory-sensitive children a sense of control over the space.

### Low Crowd Density
This is less about the facility and more about when you visit (covered below), but splash pads in smaller community parks tend to draw fewer visitors than flagship facilities. A neighborhood splash pad with 5 other families is a completely different sensory experience than a regional park with 50.

### Shade and Quiet Areas
A shaded retreat area adjacent to the splash pad gives your child a place to decompress without leaving entirely. Being able to step into shade, sit on a dry bench, and watch from a distance before re-engaging is critical for sensory regulation.

### Predictable Features
Splash pads with continuously running features (always-on sprayers, steady bubblers) are more predictable than those with timed or sensor-activated jets. If you can find a facility where the water features run steadily rather than cycling on and off, the sensory experience is more manageable.

[Find accessible splash pads near you →](/category/accessible.html)

---

## How to Plan a Sensory-Friendly Visit

### Scout the Location First
Visit the splash pad without your child the first time. Walk through it, note the noise level, identify the gentlest features, find the shade areas, and plan your approach. Take photos or a short video to show your child before the visit — visual previews reduce anxiety about new environments.

### Visit During Off-Peak Hours
This is the single most impactful thing you can do. The sensory difference between a splash pad at 9am on a Tuesday and 1pm on a Saturday is enormous. Early morning visits (right at opening) and late afternoon visits (after 5pm) on weekdays offer the lowest crowds, least noise, and most space.

### Create a Visual Schedule
For children who respond well to visual supports, create a simple picture schedule for the visit:
1. Drive to the splash pad
2. Put on water shoes and sunscreen
3. Walk to the edge and watch
4. Touch the water (when ready)
5. Play in the gentle area
6. Take a break in the shade
7. Play more (if desired)
8. Dry off and change clothes
9. Drive home

Having a predictable sequence helps children feel in control of an otherwise unpredictable environment.

### Bring Comfort Items
Water shoes provide a consistent tactile sensation underfoot. Swim goggles reduce water-in-the-eyes anxiety. Ear defenders or earplugs reduce auditory input. A familiar toy provides grounding. These aren't crutches — they're tools that lower the sensory threshold enough for your child to engage.

### Start at the Edges
Don't walk your child into the center of the splash pad. Start at the perimeter where the water is lightest — puddles, gentle runoff, the outer edge of a misting arch. Let your child choose when and how to move closer. The edges of a splash pad are where the best sensory-friendly play happens.

### Respect the ""No""
If your child doesn't want to enter the water today, that's a successful visit. Exposure to the environment — the sounds, the sights, the proximity to water — is valuable even if they don't get wet. Forcing entry creates negative associations. Watching from a shaded bench for 20 minutes and then leaving is progress.

### Plan the Exit
Know your child's signs of sensory overload and have an exit plan ready. When you see early warning signs (covering ears, stimming increases, seeking physical closeness, withdrawal), transition out calmly rather than waiting for a meltdown. A positive exit preserves the possibility of a positive return visit.

---

## Sensory Strategies That Help at Splash Pads

### Deep Pressure Before and After
Many occupational therapists recommend deep pressure input before and after sensory-stimulating activities. A tight bear hug, compression vest, or even a snug swimsuit can help organize the nervous system before entering a high-sensory environment. After leaving, a warm towel wrap provides calming deep pressure.

### Ear Protection
If auditory sensitivity is the primary challenge, swim-friendly earplugs or ear defenders can reduce the noise level dramatically without eliminating it entirely. Your child can still hear you and engage with the environment while filtering out the loudest frequencies.

### Gradual Exposure Over Multiple Visits
Don't expect the first visit to be the best visit. Many sensory-sensitive children need 3-5 exposures to a new environment before they feel comfortable enough to fully engage. The first visit might be watching from the car. The second might be walking to the edge. The third might involve touching the water. Progress is cumulative.

### Use Water Temperature as a Tool
Cool water can be alerting and organizing for some children while distressing for others. If your child is sensitive to cold, visit during the warmest part of the day when the water has been heated by the sun. If your child seeks sensory input, cooler morning water may be more regulating.

---

## Facilities Designed for Inclusion

A growing number of splash pads are being built with inclusive design principles from the start. These facilities feature:

- **ADA-compliant surfaces** that accommodate wheelchairs and mobility devices
- **Adjustable water features** that can be activated by hand rather than by stepping on sensors
- **Sensory-calm zones** with gentle water features separated from high-intensity areas
- **Visual and tactile cues** built into the ground surface to help children navigate the space
- **Family restrooms** with changing areas that provide privacy

The inclusive play movement has significantly influenced modern splash pad design. When browsing our directory, look for facilities tagged as ""Accessible"" — these are more likely to have features that accommodate sensory-sensitive visitors.

---

## The Bigger Picture

Water play is one of the most developmentally valuable activities available to children. It builds motor skills, provides sensory regulation, encourages social interaction, and creates joy. Children with sensory differences deserve access to these experiences just as much as any other child.

The right splash pad, visited at the right time, with the right preparation, can become one of the most positive environments in your child's summer. It might take a few tries. It might look different from how other families use the space. That's perfectly fine.

The goal isn't to get your child to use every feature on the splash pad. The goal is to help them find their own way into the water — at their pace, on their terms.

---

*This article is for informational purposes only and is not intended as therapeutic or medical advice. If you have concerns about your child's sensory processing, consult an occupational therapist who specializes in pediatric sensory integration.*

[Find accessible splash pads near you →](/category/accessible.html)
",Published,sensory-friendly-splash-pads-what-to-look-for,"A guide to sensory-friendly splash pads for children with autism, SPD, and sensory sensitivities. What to look for, how to plan visits, and tips for making water play work for every child.","Splash pads can be magical for sensory-sensitive children — or overwhelming. Here's how to find facilities that work, what to look for in a sensory-friendly splash pad, and how to plan visits that set your child up for success.",Sensory-Friendly Splash Pads: What to Look For and How to Plan a Successful Visit,https://res.cloudinary.com/dnmrgvjdm/image/upload/v1773861796/sensoryplaypads_ht9bts.png,
2026-03-30,Splash Pad Locator Staff,"Georgia summers are hot, sticky, and long — which is exactly why the Peach State has invested in splash pads and water play across its communities. Metro Atlanta leads with the densest concentration of spray parks and aquatic centers, but families will find quality options from the mountains to the coast.

With over 65 splash pads statewide and a splash pad season that often stretches from April through September, Georgia families have plenty of time and places to cool off.

---

## North Metro Atlanta (Gwinnett, Forsyth, Cherokee)

The northern Atlanta suburbs have some of the best-rated splash pads in the state, driven by fast-growing communities that have invested in modern parks.

### Big Splash Interactive Fountain — Suwanee
**Admission:** Free | **Rating:** 4.7

Suwanee's Town Center is a splash pad destination unto itself. The Big Splash Interactive Fountain is free, centrally located, and draws families from across Gwinnett County. The surrounding Town Center Park (4.8) and Town Center on Main (4.8) create a walkable district where water play, dining, and shopping are all within steps of each other.

### Town Center Park — Suwanee
**Admission:** Free | **Rating:** 4.8

Adjacent to the Big Splash fountain, Town Center Park adds playground equipment and green space to the water play experience. At 4.8 stars, it's one of the highest-rated parks in metro Atlanta.

### Elizabeth Porter Park & Sprayground — Marietta
**Admission:** Free | **Rating:** 4.7 | **Features:** Accessible, Parking, Playground

Marietta's sprayground in Elizabeth Porter Park is a free community gem. Ground-level spray features, a playground, accessible design, and a 4.7 rating make it one of the best free options in Cobb County.

### Woodstock Aquatic Center — Woodstock
**Type:** Aquatic Center | **Rating:** 4.9 | **Features:** Accessible, Parking, Restrooms

The highest-rated aquatic facility in metro Atlanta at 4.9 stars. Woodstock's center offers pools, splash features, and swim programs in a modern facility that Cherokee County families rave about.

### Wills Park Recreation Center — Alpharetta
**Rating:** 4.7 | **Features:** Shade

Alpharetta's Wills Park includes water play features with shaded areas — a practical combination in a state where summer sun is relentless.

### Rhodes Jordan Park — Lawrenceville
**Rating:** 4.6

A well-rated community park in Lawrenceville with water play features alongside other recreation options. Between Rhodes Jordan and FUNBOX Lawrenceville (4.7, free), Gwinnett County families have strong options.

---

## Inside the Perimeter (ITP Atlanta)

### Piedmont Park Aquatic Center — Atlanta
**Rating:** 4.5

Atlanta's signature park includes an aquatic center with splash features. The Midtown location puts it in the center of the city, accessible by MARTA, and the surrounding Piedmont Park adds trails, playgrounds, and green space.

### Historic Fourth Ward Park Splash Pad — Atlanta
**Rating:** 4.5

The BeltLine-adjacent park in Old Fourth Ward features a splash pad that's become a staple for intown Atlanta families. Walk or bike in via the BeltLine for the full experience.

---

## West and South Metro Atlanta

### Wolfe Aquatic Center — Smyrna
**Type:** Aquatic Center | **Rating:** 4.9 | **Features:** Restrooms

Tied for the highest aquatic facility rating in metro Atlanta at 4.9 stars. Smyrna's Wolfe Aquatic Center is a community treasure with pools and water features.

### Center Park at Centerville — Centerville
**Rating:** 4.7 | **Features:** Accessible, Parking, Playground

South of Atlanta in Houston County, Center Park offers a well-rated splash pad experience. The 4.7 rating puts it among the best in middle Georgia.

---

## Savannah and Coastal Georgia

### Forsyth Park — Savannah
**Admission:** Free | **Rating:** 4.8 | **Features:** Accessible, Parking, Playground

The crown jewel. Forsyth Park's iconic fountain and splash features sit in one of the most beautiful urban parks in the South. At 4.8 stars with free admission, it's the highest-rated free splash destination in Georgia. The park's Spanish moss, walking paths, and historic setting make it worth the visit even without the water play.

### Lake Mayer Community Park — Savannah
**Rating:** 4.5

A community park on Savannah's south side with water play features and a lake setting. A local alternative to the tourist-heavy Forsyth Park.

### Jekyll Island — Jekyll Island
**Rating:** 4.4

The Golden Isles barrier island includes water play options alongside its beaches, bike trails, and sea turtle center. A family destination where splash pads complement an already water-rich environment.

---

## Columbus and West Georgia

### RushSouth Whitewater Park — Columbus
**Type:** Water Park | **Rating:** 5.0 | **Features:** Picnic Areas, Restrooms

A perfect 5.0 rating — the highest in the entire Georgia directory. RushSouth sits on the Chattahoochee River and offers whitewater activities alongside calmer water play. It's a unique facility that combines adventure and family water fun.

### Little Tallapoosa Park — Carrollton
**Rating:** 4.6 | **Features:** Accessible, Parking, Playground

A well-rated community park west of Atlanta with splash features and solid amenities. Worth knowing about if you're in the Carrollton area.

---

## Middle and South Georgia

### Jack Hill State Park — Reidsville
**Admission:** Free | **Rating:** 4.6 | **Features:** Picnic Areas

A state park in southeast Georgia with free water play. The park setting adds trails and nature to the splash pad experience — a combination that's hard to find at municipal facilities.

### Rigby's Water World — Warner Robins
**Type:** Water Park | **Rating:** 4.3 | **Features:** Picnic Areas, Restrooms

Middle Georgia's water park destination. Rigby's offers slides, pools, and splash zones for families in the Macon/Warner Robins area.

---

## Tips for Visiting Georgia Splash Pads

**Season starts early.** Georgia's warm climate means many splash pads open in April — weeks before the national Memorial Day standard. Check facility websites starting in mid-March for opening dates.

**Metro Atlanta is the epicenter.** Gwinnett County (Suwanee, Lawrenceville) and Cobb County (Marietta, Smyrna) have the highest concentration of quality splash pads in the state. If you're in the Atlanta area, you're within 20 minutes of multiple options.

**Forsyth Park is a must.** Even if you're not a Savannah local, Forsyth Park's splash features are worth a special trip. The park is one of the most photographed in the South, and the free water play adds a practical family dimension to the beauty.

**Hydrate aggressively.** Georgia humidity makes summer heat feel worse than the thermometer reads. Bring extra water, apply sunscreen every 90 minutes, and plan shade breaks. Morning visits before 11am are significantly more comfortable.

---

## Find All 65+ Georgia Splash Pads

This guide highlights the best, but there are more across the state. Browse the full directory for hours, admission info, and links to each facility.

[Browse All Georgia Splash Pads →](/state/georgia.html)
",Published,best-splash-pads-in-georgia,"Find the best splash pads in Georgia for 2026 — Atlanta, Savannah, Suwanee, Lawrenceville, and more. Free and paid water play with ratings, features, and tips.","Georgia has 65+ splash pads, aquatic centers, and water play areas — from metro Atlanta's community spray parks to Savannah's iconic Forsyth Park fountain. Here are the best, organized by region.",Best Splash Pads in Georgia: Top Water Play Spots for Families (2026),https://cdn.prod.website-files.com/6784355f99d34df297556a38/68128138769bf0fd059f22e9_TZnRwScw.webp,
2026-02-28,Splash Pad Locator Staff,"When you take your kids to a splash pad, the goal is usually simple: cool off, burn some energy, and head home happy. But while you're watching them dart through the sprinklers and shriek at the dumping bucket, something more deliberate is happening underneath all that fun.

Water play — whether at a splash pad, spray park, or aquatic center — is one of the richest physical development environments available to young children. The combination of unpredictable water, uneven surfaces, sensory feedback, and social play creates conditions that quietly build a wide range of motor skills that kids need as they grow.

Here's what's actually happening developmentally when your child runs, dodges, pours, and splashes their way through a splash pad visit.

---

## 1. Running and Jumping Through Sprinklers: Balance, Speed, and Spatial Judgment

Watch a toddler approach a splash pad for the first time. They slow down at the edge, test the wet ground with one foot, recalibrate, and then commit. That moment of assessment — followed by the full-speed sprint through the spray — is a genuine motor learning event.

Running and jumping through water features requires children to constantly adapt to changing conditions: wet surfaces with different traction than dry ground, water streams coming from unpredictable angles, and other children moving through the same space. Unlike a flat, dry playground, a splash pad offers genuinely variable terrain.

A scoping review published in the *International Journal of Environmental Research and Public Health* found that open, spread-out play environments that encourage active movement between features — rather than fixed equipment — are particularly effective at developing locomotor skills including running, jumping, and balance in young children. The researchers noted that ""active games without props proved more beneficial for developing locomotor skills"" than time spent on static equipment — a description that fits splash pad play well. ([PMC10718446](https://pmc.ncbi.nlm.nih.gov/articles/PMC10718446/))

At a splash pad, children naturally create those active games: racing through the sprinklers, jumping over water streams, timing their run to avoid the dumping bucket. None of it feels like exercise. All of it is building the spatial judgment and locomotor control that underpins later physical competence.

---

## 2. Dodging Sprayers and Timing Games: Reaction Time and Coordination

Many splash pads have timed or intermittent features — sprayers that activate on a cycle, jets that pulse on and off, or sensor-triggered streams that respond to movement. Kids learn these patterns quickly and start playing with them: standing just outside the spray zone, timing a dash through, or challenging each other to see who can make it without getting hit.

This kind of play is a natural training ground for reaction time and whole-body coordination. Reacting to a suddenly activated sprayer requires the visual system, the brain, and the body to communicate quickly — the same neural pathway that supports athletic coordination, catching a ball, and navigating a busy playground.

The Vivvi Early Education research team notes that water play specifically supports the development of timing and anticipation — children learn to read environmental cues and adjust their movement accordingly, building the reactive coordination that structured sports and physical activity build later. ([vivvi.com](https://vivvi.com/blog/articles/when-i-play-water))

What looks like a child playing a silly game with a sprinkler is actually repeated, self-motivated practice of one of the most important physical skills in early childhood.

---

## 3. Pouring, Squeezing, and Scooping: Fine Motor Skills and Hand Strength

Not every child at a splash pad is sprinting through the jets. Many — especially toddlers — gravitate toward water tables, shallow channels, and collection pools where water gathers. Here they pour, squeeze, scoop, and transfer water from container to container for extended periods of time.

This quieter form of water play is doing important work for fine motor development. Squeezing a soft water toy builds hand strength and grip. Pouring from one container to another without spilling requires wrist control and bilateral coordination — using both hands together in a coordinated way. Scooping with a small cup requires precise finger positioning and controlled movement.

The National Association for the Education of Young Children (NAEYC) identifies sand and water play as among the most valuable activities for building fine motor skills in early childhood, noting that the sensory properties of water — its weight, flow, and resistance — create natural opportunities for children to develop hand strength and coordination that transfer directly to writing, drawing, and self-care tasks. ([naeyc.org](https://www.naeyc.org/resources/blog/importance-sand-and-water-play))

If you have a toddler who seems less interested in the big sprayers and more interested in the water pooling near the drain, let them stay there. They're doing exactly the right thing.

---

## 4. Shallow Water Splash Play: Building Leg Strength and Swim Readiness

Aquatic centers and splash pads with shallow wading areas offer something unique: the physical properties of water itself — buoyancy and resistance — as a movement medium. When children kick, stomp, and walk through shallow water, they're working against resistance that isn't present on dry land, building leg strength and coordination in a low-impact environment.

Research on aquatic-based movement has demonstrated that water environments allow children to practice locomotor patterns — walking, running, jumping — with different muscle engagement than land-based movement, and that confidence and motor patterns developed in water can transfer to dry-land activities. A study published in *BioMed Research International* found that children who participated in aquatic movement programs showed measurable improvements in gross motor function, with gains in movements they had previously avoided entirely. ([PMC6244299](https://pmc.ncbi.nlm.nih.gov/articles/PMC6244299/))

For typically developing children, shallow water play serves as an informal introduction to aquatic movement — building comfort, body awareness, and basic coordination in water that supports later swim instruction. Children who have spent time playing in shallow water tend to enter swim lessons with more confidence and body awareness than those who haven't.

---

## What Parents Can Do to Encourage Developmental Play

You don't need to turn a splash pad visit into a lesson. The most developmentally valuable thing you can do is give children time, space, and freedom to explore at their own pace.

A few practical approaches:

**Let them lead.** If your child wants to stand at the edge of the sprinklers for ten minutes before going in, let them. That observation period — reading the water patterns, watching other kids, building courage — is genuine cognitive and motor preparation.

**Bring a few simple tools for the little ones.** A small cup, a squeeze toy, or a funnel gives toddlers something to interact with at ground level and naturally extends the fine motor benefits of water table play.

**Don't rush the water table.** If your toddler finds a shallow collection area and starts pouring water for 20 minutes, resist the urge to redirect them to the ""more exciting"" features. They're engaged in exactly the kind of focused, repetitive practice that builds fine motor skills.

**Come back regularly.** Motor skill development through play is cumulative. A child who visits a splash pad a dozen times over a summer is getting significantly more developmental benefit than one who goes twice. Frequency matters more than duration on any single visit.

---

## The Simplest Developmental Investment You Can Make

Splash pads are free or low-cost, widely available, and require no equipment, instruction, or structured program. Yet they deliver a genuinely rich set of physical development benefits — locomotor skills, coordination, fine motor development, and aquatic confidence — that overlap with what structured programs try to achieve at considerably greater cost and effort.

The research supports what parents intuitively sense: unstructured outdoor water play isn't a break from development. It is development.

[Find toddler-friendly splash pads near you →](/category/toddlers.html)

---

*The research referenced in this article is provided for informational purposes only and is not intended as medical or therapeutic advice. If you have concerns about your child's motor development, consult your pediatrician or a qualified occupational therapist.*",Published,beyond-the-splash-motor-skills-water-play,Discover how splash pad play supports motor development in young children — from balance and coordination to fine motor skills and swim readiness. Evidence-aligned guide for parents.,"Splash pads aren't just fun — they're quietly doing some serious developmental work. Here's how running through sprinklers, dodging sprayers, and splashing in shallow water helps build the physical skills kids need to thrive.",Beyond the Splash: How Water Play Builds Motor Skills in Young Children,https://res.cloudinary.com/dnmrgvjdm/image/upload/v1772317371/funoutdoors_fgcd45.png,
2026-03-01,Kevin C.,"There's something about summertime and water that stays with you forever.

I grew up in Jacksonville, Florida in the 1970s — back when summers felt longer, days felt freer, and water parks were a whole lot simpler. We didn't have towering themed attractions or massive aquatic centers. We had lakes, concrete slides, neighborhood pools, and imagination. And somehow, that was more than enough.

Fifty years later, those memories are still as clear as the Florida sunshine.

---

## Strickland's Landing – Kingsley Lake

![High dive at Kingsley Lake, Jacksonville FL 1970s](https://res.cloudinary.com/dnmrgvjdm/image/upload/v1772428978/high-dive_small_zmdeiy.png) 
![ ](https://res.cloudinary.com/dnmrgvjdm/image/upload/v1772418051/MikeKevinStrickland_r7k3d7.png) 

One of my favorite places was Strickland's Landing on Kingsley Lake (long since closed). It wasn't fancy — just a swimming area on the lake with a boardwalk, a couple of high dives, and slides that dropped you right into that deep, cool water.

There's nothing quite like climbing a wooden ladder barefoot, the boards warm from the sun, looking down at the lake below and trying to act brave in front of your friends. You'd jump, hit the water hard, come up laughing, and swim back to do it again.

It was simple.
It was raw.
It was perfect.

---

## The Slippery Dip – Beach Boulevard

![The Slippery Dip water slide on Beach Boulevard, Jacksonville FL](https://res.cloudinary.com/dnmrgvjdm/image/upload/v1772429178/slippery-dip_small_zdzed2.png)

Then there was the legendary Slippery Dip on Beach Boulevard — another place that's no longer open, but unforgettable to anyone who grew up here.

It was a concrete water slide built into a hill with sharp curves that felt like a roller coaster. You didn't ride in tubes. You didn't have digital waivers. You grabbed a rubber mat and went for it.

If you hit those curves too fast — or if your older brother jumped in right behind you — you might just catch air over the side wall. And believe me, that wasn't part of the design.

We didn't think about liability. We thought about who was going next.

---

## American Legion Post 137 Pool – Westside Jacksonville

![American Legion Post 137 pool, Westside Jacksonville](https://res.cloudinary.com/dnmrgvjdm/image/upload/v1772418970/legion_uqqhbw.jpg)

On the Westside of Jacksonville, the American Legion Post 137 pool was one of the most popular hangouts of the decade.

It wasn't just a pool — it was a meeting place. A social hub. A summer ritual.

You'd see the same faces every day. You'd make friends, test your courage on the diving board, and stay until your skin was wrinkled and your parents told you it was time to go home.

---

## Jacksonville Beach – Always There

![Jacksonville Beach, Florida](https://res.cloudinary.com/dnmrgvjdm/image/upload/v1772419055/jax_beach_aa4ka7.jpg)

And of course, there was Jacksonville Beach.

No admission fee.
No wristbands.
Just salt air, hot sand, and waves that never seemed to stop.

Some days were for body surfing.
Some days were for just laying back and listening to the surf.
But every day built memories that somehow still feel close, even 50 years later.

---

## The After

And then there was the ritual that came after.

Pruned fingers. Sun-tired eyes. Towels draped over shoulders. And almost always, a stop at the soda shop or ice cream stand on the way home.

A root beer float. A vanilla cone. Something cold that tasted exactly right after a full day in the water with your friends.

It was never really about the ice cream. It was about slowing the day down just a little longer — one more laugh, one more story about who went too fast down the Slippery Dip — before the summer afternoon finally ended.

Those stops are part of the memory too. That's why every listing on SplashPadLocator.com includes a ""Things Nearby"" section — because the best days were never just about the water.

---

## The Places Were Simple — The Memories Are Not

The water parks of the 1970s didn't have wave simulators or digital wristbands. They had wooden docks and rubber mats and lakes you couldn't see the bottom of.

But here's the thing — the simplicity didn't make them smaller in our memories.

It made them bigger.

Because what really mattered wasn't the attraction.
It was the feeling.

---

## From High Dives to Splash Pads

Today's kids have incredible water play available to them — modern splash pads, aquatic centers, and spray parks that are safer, more accessible, and in many ways more creative than what we had.

That's one of the reasons I created **SplashPadLocator.com**.

It's my way of helping today's families find places to cool off, gather together, and create their own lifelong memories. The locations may look different than Strickland's Landing or the Slippery Dip — but the purpose is the same:

Water.
Laughter.
Summer.
Connection.

---

## Make the Memories

When I think back on those Jacksonville summers, I don't just remember the places. I remember how they felt.

Freedom.
Friendship.
Fearlessness.
Fun.

My hope is that today's kids — whether they're at a splash pad, a community pool, or a local water park — soak up every one of those moments.

Because one day, 50 years from now, they'll be telling stories too.

And maybe they’ll smile the same way I do when I think about a rubber mat, a concrete slide, and the Florida sun shining down on the best summers of my life — or when they come across a 50-year-old photo of themselves and their best friend from their favorite summer.
",Published,summers-in-jacksonville-1970s-water-parks,"Memories of growing up in Jacksonville, FL in the 1970s — Strickland's Landing on Kingsley Lake, the Slippery Dip on Beach Boulevard, community pools and beach days — and the summers that inspired SplashPadLocator.com.","A founder's memory of growing up in Jacksonville, Florida in the 1970s — from Strickland's Landing on Kingsley Lake to the legendary Slippery Dip on Beach Boulevard — and why those summers inspired SplashPadLocator.com.                                                                          **Kevin and best friend, Mike -- Strickland's Landing -- 1973**",Summers in Jacksonville: From High Dives to Splash Pads,https://res.cloudinary.com/dnmrgvjdm/image/upload/v1772422707/KevinMikeCrop3_drsax2.png,
2026-04-11,Splash Pad Locator Staff,"Splash pads don't come with a rule book. There's no orientation video, no employee handing you a laminated list, and no lifeguard explaining the code of conduct. You just show up, and somehow everyone is expected to know how this works.

Most families figure it out. But every splash pad regular has stories: the parent on their phone while their kid tackles strangers, the family that claimed half the shade with a camping setup, the teenager who brought a Super Soaker to a toddler splash pad.

These aren't crimes. They're just the result of unwritten rules that nobody ever writes down.

Until now.

---

## The Do's

### Do: Supervise Your Children

This is the big one. Splash pads don't have lifeguards (most of them, anyway). The zero-depth design eliminates drowning risk from standing water, but it doesn't eliminate the need for a parent who's paying attention.

Kids slip on wet surfaces. They collide at full speed. Toddlers wander toward parking lots. Older kids play rough without realizing a two-year-old is right behind them.

You don't need to hover — but you need to be present, watching, and close enough to intervene. That means eyes off the phone for the duration of the visit. Yes, the whole visit.

### Do: Apply Sunscreen Before You Arrive

Apply sunscreen at home, 15-20 minutes before water exposure. Doing it at the splash pad means your kid is already running toward the water before the SPF has set, and you're chasing them with a tube of Coppertone.

Reapply every 90 minutes if you're staying longer. Water play washes sunscreen off faster than dry play.

### Do: Use Swim Diapers

Regular diapers absorb water, swell to three times their size, and eventually fail. This is not theoretical — it happens at every splash pad, and it's exactly as unpleasant as it sounds.

If your child is in diapers, use a swim diaper. Reusable swim diapers are more comfortable, more reliable, and more cost-effective than disposable ones for families who visit regularly.

### Do: Bring Your Own Towels and Supplies

Splash pads don't provide towels, sunscreen, or shade. Come prepared with:
- Towels (at least one per child, plus a spare)
- Sunscreen
- Water bottles
- Snacks in sealed containers
- A change of dry clothes

Expecting to borrow from other families or finding supplies at the splash pad is a recipe for a short, uncomfortable visit.

### Do: Share the Space

Splash pads are shared public spaces. Your family doesn't own the shady bench, the favorite spray feature, or the section of splash pad closest to the parking lot.

If a feature is popular, take turns. If a toddler is playing quietly at a bubbler, don't send your 8-year-old sprinting through the same space. If you're setting up a shade tent, leave room for other families to find shade too.

### Do: Clean Up When You Leave

Take everything you brought — towels, food wrappers, water bottles, toys, swim diapers. Splash pads don't have cleaning crews between visits. The family after you is stepping into whatever you leave behind.

### Do: Respect the Facility Rules

Some splash pads post rules: no food in the spray area, no glass containers, no running on certain surfaces, dogs not allowed. These rules exist for safety and maintenance reasons. Follow them, even if you think they're unnecessary. The parks department that built the splash pad knows its facility better than you do.

### Do: Thank the Parks Department

If your community has a well-maintained free splash pad, that's not an accident — it's a budget decision that someone fought for. A quick ""thank you"" email to your city's parks and recreation department goes further than you'd think. These programs survive on community support, and hearing from happy families helps justify the budget to city council.

---

## The Don'ts

### Don't: Bring a Super Soaker to a Toddler Splash Pad

Small water squirters are fine. But high-powered water guns that shoot pressurized streams across 30 feet have no place at a splash pad shared with babies and toddlers. A Super Soaker blast to the face of a two-year-old will ruin their day (and probably yours, when their parent comes over to discuss it).

Read the room. If the splash pad is full of little kids, save the water artillery for the backyard.

### Don't: Let Your Kids Monopolize Features

The dumping bucket is exciting. The water cannon is fun. But if your child has been occupying the same feature for 20 minutes while other kids wait, it's time to encourage them to rotate. Splash pads work best when everyone shares the features and moves through the space.

### Don't: Change Diapers at the Splash Pad

Use the restroom. If there's no restroom, use your car. Changing a diaper on the splash pad surface, on a bench next to the spray area, or on a towel near other families is a hygiene issue. Splash pad water is recirculated through filtration systems, but that system isn't designed to handle what happens during a diaper change.

### Don't: Bring Glass

Glass water bottles, glass food containers, glass anything — leave it in the car. Splash pad surfaces are hard (concrete, rubber, tile), and everyone is barefoot. One dropped glass container creates a safety hazard that can affect dozens of families and potentially close the facility for the day.

Bring plastic or stainless steel only.

### Don't: Let Sand Into the System

If you're coming from a playground with sand, rinse your kids' feet and toys before entering the splash pad area. Sand clogs the filtration and drainage systems that keep splash pad water clean. It's one of the most common causes of maintenance shutdowns.

### Don't: Bring Sick Kids

If your child has diarrhea, a stomach virus, or an active skin infection, skip the splash pad until they've been symptom-free for at least 24 hours. Splash pad water is treated, but recirculating systems work best when they're not being actively challenged by illness.

This isn't about being precious — it's about keeping a shared water source safe for the babies and immunocompromised children who use the same facility.

### Don't: Set Up Camp in the Splash Zone

Your shade tent, cooler, towels, and beach chairs belong on the perimeter, not in or immediately adjacent to the spray features. The splash pad itself is for playing, not for sitting. When a family sets up camp in the middle of the spray area, they're effectively claiming public space and creating obstacles that running children have to dodge.

### Don't: Leave Swim Diapers in the Splash Pad

Used swim diapers go in the trash — the actual trash can, not on the ground, not in a bush, and absolutely not left on the splash pad surface. This happens more often than it should, and it's exactly as gross as you're imagining.

---

## A Note About Different Parenting Styles

Not every family approaches splash pads the same way, and that's fine. Some parents sit back and let their kids figure things out independently. Others stay within arm's reach at all times. Some families bring elaborate setups with chairs, tents, and coolers. Others show up with just towels and sunscreen.

None of these approaches is wrong — as long as the basics are covered: supervise your kids, share the space, clean up after yourself, and be aware of how your family's behavior affects other families.

Splash pads work because they're informal, unstructured, and self-governing. A little courtesy goes a long way toward keeping them that way.

---

[Find a splash pad near you →](/)
",Published,splash-pad-etiquette-dos-and-donts,"Splash pad etiquette for families — the do's and don'ts of shared water play. Practical rules for supervision, space sharing, hygiene, and being a good splash pad neighbor.","Splash pads are shared spaces, and a few simple courtesies make the experience better for everyone. Here are the unwritten rules of splash pad etiquette — from managing your kids to managing your stuff.",Splash Pad Etiquette: The Do's and Don'ts Every Family Should Know,https://res.cloudinary.com/dnmrgvjdm/image/upload/v1773862734/PoolEtiquette_cgstrw.png,
2026-04-08,Splash Pad Locator Staff,"New York doesn't do anything small — including splash pads. With over 300 water play areas across the state, from the spray showers tucked into every borough's playgrounds to full-scale water parks in the Catskills and Adirondacks, families have an extraordinary range of options. And the best part: more than 100 of them are completely free.

NYC alone accounts for nearly half the state's listings, thanks to the Parks Department's commitment to putting spray features in neighborhood playgrounds across all five boroughs. But the rest of the state holds its own, with community splash pads, aquatic centers, and resort water parks spread from Long Island to Buffalo.

Here are the best splash pads and water play destinations in New York, organized by region.

---

## Manhattan

New York City's parks system operates dozens of spray showers and splash features across Manhattan, many of them integrated into beloved neighborhood playgrounds.

### Pier 25 at Hudson River Park — New York
**Rating:** 4.7

One of the best waterfront play spaces in the city. Pier 25 features a splash pad alongside a playground, mini golf, and stunning Hudson River views. The combination of water play and river breezes makes it one of the most comfortable spots in Manhattan on a hot day.

### Gansevoort Peninsula — New York
**Rating:** 4.9

A newer addition to the Hudson River Park system, Gansevoort Peninsula has quickly become one of the highest-rated parks in Manhattan. The spray features sit within a beautifully designed green space in the Meatpacking District.

### Bella Abzug Park — New York
**Rating:** 4.7

A modern park in Hudson Yards with interactive water features. The contemporary design and clean facilities reflect the neighborhood's recent development, making it one of Manhattan's newest splash pad destinations.

### Heckscher Playground — Central Park, New York
**Rating:** 4.6

Central Park's largest playground includes spray features that draw families from across the city. The Central Park setting needs no introduction — combining splash pad play with a walk through the park is a quintessential NYC family day.

---

## Brooklyn

Brooklyn's playground culture is strong, and many of the borough's best parks include spray features and splash pads.

### Pier 6 Playground — Brooklyn Heights
**Admission:** Free | **Rating:** 4.8

The highest-rated splash pad in Brooklyn. Pier 6 Playground at Brooklyn Bridge Park features water play with views of the Manhattan skyline and the Statue of Liberty. At 4.8 stars, it's one of the best-rated water play spots in all of New York.

### Brooklyn Bridge Park Pier 6 Liberty Lawn — Brooklyn
**Admission:** Free | **Rating:** 4.9

Adjacent to Pier 6 Playground, this space extends the waterfront park experience with additional green space and water features along the East River.

### Domino Park — Brooklyn
**Admission:** Free | **Rating:** 4.7

Williamsburg's Domino Park repurposed the old Domino Sugar Factory site into a stunning waterfront park with spray features, a playground, and city views. The industrial heritage meets modern design aesthetic makes it uniquely Brooklyn.

---

## Queens, Bronx, and Staten Island

### Charybdis Playground — Astoria, Queens
**Rating:** 4.8

One of the highest-rated playgrounds in Queens, Charybdis features spray features in Astoria Park with views of the Hell Gate Bridge and the East River. A neighborhood gem that draws families from across western Queens.

### Astoria Park — Astoria, Queens
**Rating:** 4.7

The larger park surrounding Charybdis Playground, Astoria Park offers additional water play features and one of the most scenic settings in Queens.

### Crocheron Park — Bayside, Queens
**Admission:** Free | **Rating:** 4.6

A free community park in Bayside with spray features and strong amenities. A northeast Queens favorite for families.

### Hunts Point Playground — Bronx
**Rating:** 4.5

Spray features in the South Bronx that give neighborhood families free water play access during the hot city summers.

### Heritage Park — Staten Island
**Rating:** 4.5

Staten Island's contribution to the city's splash pad network, Heritage Park offers spray features in a borough that sometimes gets overlooked in the NYC parks conversation.

---

## Long Island

### Splish Splash — Calverton
**Type:** Water Park | **Admission:** Paid | **Rating:** 4.4

Long Island's premier water park. Splish Splash delivers slides, a wave pool, lazy river, and dedicated kids' splash areas across a large-scale facility. It's the biggest paid water attraction on the island and a summer tradition for Long Island families.

### Bay Park — East Rockaway
**Rating:** 4.6

A community park on the South Shore with spray features and park amenities. One of the better free options on Long Island.

### Eisenhower Park — East Meadow
**Rating:** 4.5

Nassau County's flagship park includes water play features alongside its many other recreation facilities. The scale of Eisenhower Park means there's always room.

---

## Hudson Valley and Catskills

### SplashDown Beach — Fishkill
**Type:** Water Park | **Rating:** 4.3 | **Features:** Picnic Areas, Restrooms

A water park in the Hudson Valley that gives families between NYC and Albany a dedicated splash destination. Slides, pools, and splash zones in a facility that's evolved over the years.

### Thomas Bull Memorial Park — Montgomery
**Rating:** 4.6

Orange County's community park includes spray features in a spacious park setting. A Hudson Valley favorite.

---

## Capital Region (Albany Area)

### Huck Finn's Playland — Albany
**Admission:** Free | **Rating:** 4.4

A free family attraction in the Capital Region that includes water play features. The free admission makes it an easy regular visit for Albany-area families.

### Mater Christi Park and Pool — Albany
**Rating:** 4.4

A community pool and water play facility in Albany with solid ratings and neighborhood loyalty.

---

## Upstate New York and the Adirondacks

### Enchanted Forest Water Safari — Old Forge
**Type:** Amusement Park | **Rating:** 4.5

The largest water theme park in New York State, located in the heart of the Adirondacks. Water Safari combines water rides, splash zones, and amusement park attractions in a resort setting. If you're heading to the Adirondacks with kids, this is the water play destination.

### Great Escape & Splashwater Kingdom — Queensbury
**Type:** Amusement Park | **Rating:** 4.3 | **Features:** Picnic Areas, Restrooms

A Six Flags park near Lake George that combines roller coasters with a full water park section. The Lake George tourist corridor makes it easy to combine with other family attractions.

### Roseland Waterpark — Canandaigua
**Type:** Water Park | **Rating:** 4.3 | **Features:** Picnic Areas, Restrooms

A Finger Lakes region water park near Canandaigua Lake. Slides, pools, and splash areas in wine country — a uniquely New York combination.

---

## Tips for Visiting New York Splash Pads

**NYC spray showers are everywhere — and free.** The Parks Department maintains spray features in playgrounds across all five boroughs. You don't need to seek them out — just check the nearest playground and there's a good chance it has one. They typically operate from late June through Labor Day.

**Season is short.** Most outdoor splash pads in New York operate from Memorial Day (or mid-June for NYC spray showers) through Labor Day. The upstate season can be even shorter — late June through mid-August in the Adirondacks.

**Indoor options exist.** Great Wolf Lodge (Scotrun, PA is the nearest), Palm Island Indoor Waterpark (Batavia), and Aqua Swim (Nanuet) offer year-round indoor water play for families who want splashing outside the summer window.

**NYC is a splash pad city.** With 150+ spray features across the five boroughs, New York City may have the highest density of free splash pads of any city in the country. Don't sleep on the neighborhood playgrounds — some of the best-rated spots in the state are tucked into parks you walk past every day.

---

## Find All 300+ New York Splash Pads

This guide covers the highlights, but New York has over 300 water play destinations. Browse the full directory for the complete list.

[Browse All New York Splash Pads →](/state/new-york.html)",Published,best-splash-pads-in-new-york,"Find the best splash pads in New York for 2026 — NYC boroughs, Long Island, Hudson Valley, upstate, and more. Over 300 free and paid water play options with ratings and tips.","New York has over 300 splash pads and water play areas — from NYC's iconic park sprinklers to upstate water parks and Long Island spray grounds. Here are the best, organized by region.",Best Splash Pads in New York: Top Water Play Spots for Families (2026),https://res.cloudinary.com/dnmrgvjdm/image/upload/v1773858164/Water_Lab_at_Pier_6_d7gdnf.png,
2026-02-27,Splash Pad Locator Staff,"# Best Splash Pads in Texas: Top Water Play Spots for Families (2025)

Texas summers are no joke. When temperatures regularly top 100°F from June through September, finding good water play for your family isn't just a fun idea — it's a survival strategy. The good news: Texas is one of the best states in the country for splash pads and water attractions, with free city-operated spray parks, world-class water parks, and aquatic centers spread across every major region.

With over 140 Texas locations in our directory, there's almost certainly something close to you. Here's a regional breakdown of the best options across the Lone Star State.

---

## What to Know Before You Go

Texas splash pad visits come with a few considerations you won't find in cooler states:

**Go early.** Pavement and splash pad surfaces absorb heat fast. By noon, concrete can be uncomfortably hot underfoot — and the air temperature isn't far behind. Aim to arrive at opening (typically 9 or 10am) and wrap up before early afternoon. Many Texas families return in the late afternoon after 4pm when temperatures begin to ease.

**Sunscreen early and often.** The Texas sun is intense. Apply broad-spectrum SPF 50+ before you leave the house, not when you arrive at the splash pad. Reapply after 90 minutes of water play. See our [best sunscreens for kids guide](/blog/best-sunscreens-for-kids-splash-pads.html) for our top picks.

**Water shoes are a must.** Splash pad surfaces — especially darker concrete — can get hot enough to burn little feet in direct Texas sun. Water shoes are worth packing every single time. Check out our [best water shoes for kids](/blog/best-water-shoes-for-kids-splash-pads.html) roundup if you need a pair.

**Check before you go.** During extreme heat events, some Texas cities temporarily close splash pads to protect children. It's always worth a quick check on your city's parks department website or social media before heading out on exceptionally hot days.

---

## Dallas / Fort Worth Metroplex

The DFW area has one of the densest concentrations of family-friendly splash pads in the state. Suburban cities across the Metroplex have invested heavily in outdoor recreation infrastructure, and the results show.

**Grapevine** stands out with well-maintained spray parks that include toddler-friendly features and nearby shade and picnic areas — a reliable go-to for families in the mid-Cities area.

**Frisco, Plano, Allen, and McKinney** all operate free splash pads through their parks departments, with newer facilities featuring multiple water features, restrooms, and covered areas. The rapid growth of these cities over the past decade has meant steady investment in parks, so facilities tend to be modern and well-kept.

**Arlington** is home to Hurricane Harbor, a large Six Flags water park that's one of the best full-day water park options in North Texas. Located adjacent to Six Flags Over Texas, it's a natural pairing for a Metroplex visit. *Admission required.*

**Grand Prairie** and **Little Elm** also have solid free options — Little Elm in particular has become a destination for families in the northern DFW area thanks to its lakefront parks.

👉 [Browse all DFW-area splash pads →](/state/texas.html)

---

## Houston Area

Houston is the largest city in Texas, and the surrounding metro area has the splash pad options to match.

**The Woodlands** — consistently ranked among the most family-friendly communities in the country — has excellent aquatic facilities and park amenities. It's one of the most well-resourced areas in the Houston metro for outdoor family recreation.

**Sugar Land, Pearland, Katy, and League City** all have community parks with free spray features and solid supporting amenities like restrooms, shade, and picnic areas. With Houston's size, you're rarely more than a short drive from a free option regardless of where you're staying.

For a full water park day, **Typhoon Texas in Katy** (just west of Houston) is the region's premier option. The park includes a wave pool, lazy river, thrill slides, and a dedicated splash zone built specifically for younger kids and toddlers. It's a favorite for Houston-area families who want a complete water park experience close to home. *Admission required.*

👉 [Browse Houston-area splash pads →](/state/texas.html)

---

## Austin Area

Austin's outdoor culture extends naturally to water play, and the growth of the surrounding region has driven serious investment in parks and rec facilities.

**Round Rock** has well-regarded family aquatic facilities and is one of the most accessible options for families in the northern suburbs. **Cedar Park, Georgetown, and Pflugerville** all have community splash pads and spray parks, with Pflugerville also home to **Typhoon Texas Pflugerville** — the Austin-area outpost of the regional water park chain, with a wave pool, lazy river, and a dedicated younger-kids area. *Admission required.*

Downtown Austin and established neighborhoods have free splash pad options within the city parks system — useful for visitors staying near the center of the city.

👉 [Browse Austin-area splash pads →](/state/texas.html)

---

## San Antonio Area

San Antonio is one of the most visited family destinations in Texas, and its water play infrastructure reflects that.

The city operates free splash pads throughout its parks system, and the greater San Antonio region — including **New Braunfels, Boerne, Schertz, and Seguin** — adds a strong mix of smaller community options.

**New Braunfels** deserves special mention. Located between Austin and San Antonio on the I-35 corridor, it's home to **Schlitterbahn New Braunfels** — consistently ranked among the best water parks in the United States. The natural river setting, tube chutes, and massive ride complexes make it a full-day (or full-weekend) destination. There's a dedicated area for younger kids with gentler water features alongside the thrill rides for older kids and adults. *Admission required. Check their website for current pricing.*

With 7 San Antonio listings and 5 in New Braunfels in our directory, there are solid free options throughout the area for families who want to keep it local.

👉 [Browse San Antonio-area splash pads →](/state/texas.html)

---

## West Texas & The Gulf Coast

Texas is enormous, and the western half of the state is no exception when it comes to heat.

**El Paso** and **Abilene** — two of the warmest and sunniest cities in the state — both have strong representation in our directory, with Abilene alone having nearly a dozen listings. Families in these regions rely heavily on splash pads and aquatic centers to get through summer, and the parks departments in both cities deliver.

For Gulf Coast families, **Schlitterbahn Galveston** offers a coastal water park experience with ocean breezes and the full ride lineup of the Schlitterbahn brand. It pairs well with a Gulf Coast beach trip and is a strong option for Corpus Christi or Houston families willing to make the drive. *Admission required.*

---

## Tips for a Perfect Texas Splash Pad Visit

**Pack more water than you think you need.** Hydration is serious business in Texas summer heat. Adults and kids alike need to drink regularly — don't rely on the splash pad to keep kids hydrated.

**Bring a shade tent.** Many free municipal splash pads have limited overhead shade. A portable pop-up canopy lets you create your own shaded base camp nearby. It's one of the most underrated items for Texas outdoor visits.

**Have a dry change of clothes in the car.** The drive home in wet swimwear in a hot car is unpleasant for everyone. A dry set of clothes and a towel for the seat make a real difference.

**Check our packing list.** For a complete rundown of everything worth bringing, see our [full splash pad packing guide](/blog/what-to-pack-for-a-splash-pad-day.html).

---

## Find Your Nearest Texas Splash Pad

With 142 Texas locations in our directory — spanning free city spray parks to full water parks — there's something close to you wherever you are in the state.

[Browse all Texas splash pads →](/state/texas.html)
",Published,best-splash-pads-in-texas,"Discover the best splash pads and water parks in Texas for families. Free options in Dallas,  Houston, Austin, and San Antonio plus top water parks — updated for 2025.","Texas summers hit triple digits — and that means finding great water play isn't just fun, it's essential. From free city splash pads in Dallas, Houston, and Austin to world-class water parks, here's where to cool off across the Lone Star State.",Best Splash Pads in Texas: Top Water Play Spots for Families (2025),https://res.cloudinary.com/dnmrgvjdm/image/upload/v1772213677/cove-splash_nkdnqw.jpg,
2026-02-26,Splash Pad Locator Team,"Splash pads are one of the best ways to beat the summer heat — free (or cheap), safe for all ages, and endlessly fun. But only if you're prepared. Forget sunscreen and you're in for a rough afternoon. Forget towels and everyone rides home soaked.

Here's everything you need for a perfect splash pad day.

## The Essentials

**Swimwear**
Pack a swimsuit for every family member, plus a backup for the kids. Splash pads can get messy, and a dry change of clothes for the ride home is a lifesaver.

**Towels**
At least one per person. Quick-dry microfiber towels are ideal — lightweight, pack small, and dry fast in the sun.

**Sunscreen**
Apply *before* you leave the house, not when you arrive. Kids are especially vulnerable to sunburn in reflective water environments. Bring water-resistant SPF 50+ and reapply every 90 minutes.

**Water Shoes**
Splash pad surfaces can get scorching in direct sun. Water shoes protect little feet from heat and slipping on wet pavement.

## Food & Drinks

**Water Bottles**
Running through water sprays is thirsty work. Pack an insulated water bottle per person — most splash pads don't have water fountains nearby.

**Snacks**
Kids burn energy fast. Pack easy, no-mess options like:

- Cut fruit (watermelon, grapes, orange slices)
- Pretzels or crackers
- Granola bars or trail mix
- String cheese

Avoid anything chocolate or sticky in the heat.

**Small Cooler or Lunch Bag**
A soft-sided cooler keeps drinks cold and snacks fresh. Many splash pads have picnic tables nearby — check the listing before you go.

## Safety & Comfort

**Rash Guard or Sun Shirt**
For extra sun protection — especially for fair-skinned kids — a long-sleeve rash guard is worth every penny.

**Hat & Sunglasses**
Protect eyes and face during breaks from the water. Wide-brim hats offer the best coverage for little ones.

**Change of Clothes**
For everyone. Wet kids in car seats are uncomfortable for them and a headache for you.

**Plastic Bags**
A few zip-lock or grocery bags for wet swimsuits and shoes on the way home. Simple but essential.

**Basic First Aid Kit**
Bandages, antiseptic wipes, and pain reliever. Most splash pads are safe and supervised, but scraped knees happen.

## For Toddlers & Babies

**Swim Diapers**
Required at most splash pads with standing water features. Pack extras — always.

**Baby Sunscreen**
Regular sunscreen isn't recommended for babies under 6 months. Look for mineral-based formulas with zinc oxide for sensitive skin.

**Portable Shade**
A pop-up sun tent or beach umbrella gives babies and toddlers a cool spot to rest without full sun exposure.

**Stroller or Wagon**
Toddlers tire out fast. A folding wagon doubles as gear storage and lets little ones rest when they've had enough.

## Nice-to-Haves

**Waterproof Phone Case** — protect your phone and capture all those great moments without worry.

**Small Water Toys** — cups, buckets, and water guns add extra fun for younger kids.

**Portable Speaker** — splash pads with nearby picnic areas are perfect for your own soundtrack.

## What to Leave at Home

- Floaties and inflatables (not needed, often not allowed)
- Glass containers
- Expensive electronics you can't get wet
- Food that spoils fast in the heat

---

## Quick Packing Checklist

**Clothing & Sun Protection**
- [ ] Swimsuits (+ backup)
- [ ] Towels
- [ ] Water shoes
- [ ] Rash guard or sun shirt
- [ ] Hat & sunglasses
- [ ] Sunscreen (SPF 50+, water-resistant)

**Food & Drinks**
- [ ] Water bottles
- [ ] Snacks
- [ ] Cooler or lunch bag

**Safety & Gear**
- [ ] Change of clothes for everyone
- [ ] Plastic bags for wet items
- [ ] Basic first aid kit
- [ ] Waterproof phone case

**For Toddlers & Babies**
- [ ] Swim diapers (+ extras)
- [ ] Baby sunscreen
- [ ] Portable shade tent
- [ ] Stroller or wagon

---

## One Last Tip: Check Before You Go

Before heading out, look up the splash pad on Splash Pad Locator to confirm hours, admission cost, parking, and available amenities. Nothing's worse than arriving at a closed splash pad or finding an unexpected entrance fee.

Now go have a great splash pad day!",Published,what-to-pack-for-a-splash-pad-day,"Heading to a splash pad? Don't forget anything with our ultimate family packing checklist — swimsuits, sunscreen, snacks, and more.","Heading to a splash pad this summer? Our ultimate packing checklist covers everything your family needs for a fun, stress-free day — from sunscreen and towels to toddler must-haves.",What to Pack for a Splash Pad Day: The Ultimate Family Checklist,https://res.cloudinary.com/dnmrgvjdm/image/upload/v1772205740/SplashPadCheckList_s1fuoy.png,
2026-03-19,Splash Pad Locator Staff,"Here's a scene every splash pad parent knows: you arrive, the kids sprint toward the water, and you're left standing in full sun holding towels, snacks, and a diaper bag with nowhere to sit that isn't soaking wet or baking hot.

A portable shade tent solves this problem completely. It gives you a home base — somewhere dry to stash gear, a shaded spot to apply sunscreen, and a cool retreat when toddlers need a break from the water and the sun.

But not every shade tent works well at a splash pad. The ground is wet, the wind picks up across open park spaces, and you need something that sets up fast because you're doing it one-handed while a two-year-old pulls toward the sprinklers.

Here's what to look for and the best options for splash pad families in 2026.

---

## What to Look for in a Splash Pad Shade Tent

### UV Protection (UPF 50+)
This is non-negotiable. You're sitting in direct sun for hours. Look for tents rated UPF 50+, which blocks 98% of UV rays. Many budget tents advertise ""shade"" but offer minimal UV protection — check the UPF rating specifically.

### Water-Resistant Floor
Splash pads mean wet ground. A tent with a built-in floor or waterproof base keeps your bags, towels, and snacks dry. Tents without a floor work fine if you bring a waterproof blanket or mat, but a built-in floor is more convenient.

### Wind Stability
Splash pads are usually in open park spaces with no windbreaks. Your tent needs to handle gusts without becoming a kite. Look for:
- Sandbag pockets or stake loops
- A low profile that doesn't catch wind
- Fiberglass or flexible poles that flex rather than snap

### Easy Setup (Under 2 Minutes)
Pop-up designs that spring open are ideal for splash pad use. You don't want to spend 15 minutes assembling poles while your kids are unsupervised near water. The best options go from bag to shade in 60 seconds.

### Size
For most families, a tent that fits 2-3 adults seated is the sweet spot. Too small and it's just a gear shed. Too large and it's hard to carry and blocks other families' space. A footprint around 6x6 feet to 8x6 feet works well.

### Portability
You're carrying this from the car along with everything else. Under 10 pounds with a shoulder strap or backpack carry is ideal. If it doesn't fit easily in one hand, you'll stop bringing it.

---

## Types of Shade Shelters That Work at Splash Pads

### Pop-Up Beach Tents
**Best for:** Families with toddlers who need a contained shaded space

These spring-open tents are the easiest to set up — literally unfold and they're done. Most include a floor, three walls, and an open front. They're lightweight (3-5 lbs), compact, and designed for exactly this use case.

**Pros:** Instant setup, lightweight, built-in floor, affordable ($25-60)
**Cons:** Limited headroom, less wind-stable than canopies, smaller coverage area

### Pop-Up Canopies (10x10 or smaller)
**Best for:** Families who want maximum shade coverage and plan to stay for hours

These are the square canopy tents with four legs that you see at farmers markets and sports events. They provide the most shade area and headroom, and many now come in compact, one-person-setup designs.

**Pros:** Large shade area, tall enough to stand under, excellent airflow
**Cons:** Heavier (15-25 lbs), more setup time, no floor, can catch wind if not anchored

### Shade Sails and Tarps
**Best for:** Experienced outdoor families who want ultralight portability

A shade sail or tarp strung between poles or trees provides excellent coverage with minimal weight. Some modern designs use trekking poles or dedicated lightweight poles.

**Pros:** Ultralight (1-3 lbs), packable, maximum airflow
**Cons:** Requires trees or poles, more setup skill, no floor or walls, less wind protection

### Umbrella-Style Sun Shelters
**Best for:** Solo parents or minimal-gear trips

Large beach umbrellas or clamp-on stroller umbrellas provide quick, no-setup shade for one or two people. Not as comprehensive as a tent, but better than nothing and trivially easy to carry.

**Pros:** Zero setup, ultralight, inexpensive
**Cons:** Limited coverage, no floor, easily blown over without a good anchor

---

## Our Top Picks for Splash Pad Shade

### Best Pop-Up Beach Tent: Pacific Breeze Easy Setup Beach Tent Deluxe XL
SPF 50+ protection, fits 4 people, and sets up in seconds. The extendable floor keeps your gear off wet ground — exactly what you need at a splash pad. One of the most popular and well-reviewed beach tents on Amazon.
[View on Amazon](https://www.amazon.com/Pacific-Breeze-Setup-Beach-Deluxe/dp/B079VK332N)

### Best Lightweight Shade: Neso Portable Beach Tent
At just 4 lbs, the Neso is the easiest shade to carry. UPF 50+ rated (tested at UPF 185-500), and the sand anchor design keeps it stable in winds up to 20 MPH. The 7x7 ft footprint provides solid coverage without taking up too much space. Great for the parent who wants shade without hauling a big tent.
[View on Amazon](https://www.amazon.com/Neso-Anchor-Portable-Canopy-Sunshade/dp/B01CTDQPYK)

### Best Budget Option: OutdoorMaster Pop Up Beach Tent (4-Person)
UPF 50+ protection with a removable skylight for ventilation, at a lower price point than the Pacific Breeze. Pops open in seconds with no assembly. A solid choice if you're trying this out for the first time and don't want to invest heavily.
[View on Amazon](https://www.amazon.com/OutdoorMaster-Pop-Beach-Tent-Protection/dp/B06XNVVKYG)

### Best for Babies and Toddlers: Babymoov Aquani Anti-UV Tent & Pool
This one is specifically designed for families with babies — it's a UPF 50+ pop-up tent that converts into a small paddling pool. Lightweight, insect-protected, and sized for infants and toddlers. If your splash pad visits revolve around a baby under 2, this is purpose-built for you.
[View on Babymoov](https://babymoov.us/products/aquani-marine-anti-uv-up-pool-tent)

### Best Full Canopy: Coleman Oasis Pop-Up Canopy
If you want maximum shade area and room to stand, Coleman's canopy line delivers. The DayTripper packs down smaller than a gallon of milk, while the Road Trip model handles extreme wind. These are heavier than beach tents but provide the most coverage for families who plan to stay all day.
[View on Coleman](https://www.coleman.com/outdoor-living/canopies-shelters/)

---

## Features Worth Paying Extra For

**Sand pockets / weight bags:** If the tent has corner pockets you can fill with sand or rocks, it stays put in wind without stakes. Essential for splash pads where you can't always stake into concrete or rubber surfaces.

**Ventilation panels:** Rear mesh windows prevent the tent from becoming a greenhouse. On a 95-degree day, airflow is the difference between a cool retreat and a sauna.

**Interior pockets:** Small mesh pockets inside the tent keep phones, keys, and sunscreen organized and off the wet ground.

**Dark interior lining:** Silver or dark-coated interior linings reduce heat buildup significantly compared to thin single-layer fabric.

---

## Splash Pad Shade Setup Tips

**Arrive early to claim your spot.** The best shade positions — near the splash pad but not in the spray zone — go fast on hot days. Getting there 15-20 minutes before the crowds gives you first pick.

**Anchor to the ground surface.** At splash pads with rubber or concrete surfaces, you can't use stakes. Bring sandbags, water jugs, or fill the tent's weight pockets with rocks from the park. A tent that blows away is worse than no tent.

**Position upwind of the splash pad.** This keeps spray from drifting into your shade area and keeps your dry gear actually dry.

**Bring a ground mat.** Even with a tent floor, a waterproof picnic blanket or foam mat adds comfort and keeps the wet splash pad surface from soaking through.

**Don't block other families.** Splash pads are shared spaces. Set up at the perimeter, not directly adjacent to the spray features. Leave room for other families to find shade too.

---

## What to Bring Under Your Shade Tent

A shade tent turns a 30-minute splash pad visit into a half-day outing. Here's what to stash under it:

- **Dry towels** (at least one per kid plus extras)
- **Sunscreen** for reapplication every 90 minutes
- **Water bottles** — hydration matters more in heat + sun
- **Snacks** in sealed containers (wet hands + open chip bags = mess)
- **Change of clothes** for each kid
- **A waterproof bag** for wet swimwear on the way home
- **Your phone/book** — you've earned some sit-down time

---

## The Bottom Line

A portable shade tent is the single most useful piece of gear you can bring to a splash pad after sunscreen and towels. It turns an exposed, hot experience into a comfortable outing where the adults actually enjoy themselves too.

For most splash pad families, a pop-up beach tent in the $30-50 range is the best balance of portability, UV protection, and convenience. If you visit splash pads regularly, it pays for itself in comfort by the second trip.

[Find splash pads with built-in shade near you →](/category/with-shade.html)",Published,best-portable-shade-tents-for-splash-pads,"The best portable shade tents for splash pad visits in 2026. Pop-up canopies, beach tents, and shade shelters rated for UV protection, portability, and splash pad use.","Splash pads mean hours in direct sunlight. A good portable shade tent keeps parents comfortable, protects gear from getting soaked, and gives little ones a break from the sun. Here's what to look for and the best options for 2026.",Best Portable Shade Tents for Splash Pads: Stay Cool While They Play,https://res.cloudinary.com/dnmrgvjdm/image/upload/v1773846126/FamilyPopUpTent_fkmzaw.png,
2026-03-17,Splash Pad Locator Staff,"Tennessee summers are hot, humid, and made for water play. Whether you're looking for a free neighborhood splash pad to cool off the toddlers or a full-scale waterpark for a family day out, the Volunteer State delivers. With over 50 splash pads, spray parks, and aquatic centers spread across the state, there's a water play option within driving distance no matter where you are.

Here are the best splash pads and water play areas in Tennessee, organized by region.

---

## Nashville and Middle Tennessee

Nashville and the surrounding suburbs are home to some of Tennessee's most popular splash pad destinations — and the Search Console data backs it up. Families across Middle Tennessee are actively searching for water play, and these facilities deliver.

### SoundWaves at Gaylord Opryland — Nashville
**Type:** Resort Water Park | **Admission:** Paid | **Rating:** 4.3

If you're looking for a premium indoor/outdoor water experience, SoundWaves at the Gaylord Opryland Resort is hard to beat. This massive waterpark features wave pools, water slides, a lazy river, and an outdoor splash pad area. It's a paid attraction and priced at the resort level, but for a special outing it's one of the most impressive water facilities in the state.

### The Splash Pad at Peay Park — Goodlettsville
**Rating:** 4.7

One of the most searched splash pads in all of Tennessee, Peay Park in Goodlettsville consistently shows up in family recommendations. The splash pad features ground-level jets and spray features perfect for toddlers and younger kids. The surrounding park offers additional playground equipment, making it easy to spend a full morning here.

### Boro Beach — Murfreesboro
**Admission:** Free | **Rating:** 4.5 | **Features:** Accessible, Parking, Playground, Restrooms

Murfreesboro's Boro Beach is a standout free splash pad with a strong community following. The facility includes spray features, a playground, restrooms, and accessible parking — everything a family needs for a hassle-free visit. It's one of the best free water play options in Middle Tennessee.

### Fountains Splash Pad — Murfreesboro
**Rating:** 4.2 | **Features:** Accessible, Parking, Playground, Restrooms

A second solid option in Murfreesboro, the Fountains Splash Pad offers interactive spray features in a well-maintained park setting. Between Boro Beach and the Fountains, Murfreesboro families have two strong free options without driving to Nashville.

### Franklin Splash Park — Franklin
**Rating:** 4.7 | **Features:** Accessible, Parking, Restrooms

Just south of Nashville, Franklin's splash park is a favorite among Williamson County families. With a 4.7 rating and full amenities including restrooms and accessible parking, it's a reliable choice for a quick cool-down on a hot afternoon.

### Nashville Shores Waterpark — Hermitage
**Type:** Water Park | **Admission:** Paid | **Rating:** 4.3 | **Features:** Picnic Areas, Restrooms

Nashville Shores sits on the shores of Percy Priest Lake and combines a full waterpark experience with a lakeside setting. Slides, a wave pool, a lazy river, and a dedicated kids' splash area make this one of the most complete water destinations near Nashville. It's a paid park, but the lakeside location and full-day experience make it worth the trip.

---

## Smoky Mountains: Pigeon Forge, Gatlinburg, and Sevierville

The Smoky Mountains region is Tennessee's tourism capital, and the concentration of water attractions here is unmatched. If you're visiting with kids, you'll find everything from massive outdoor waterparks to year-round indoor splash facilities.

### Dollywood's Splash Country — Pigeon Forge
**Type:** Amusement Park | **Rating:** 4.5 | **Features:** Accessible, Parking, Picnic Areas, Restrooms

Dollywood's dedicated water park is one of the premier attractions in East Tennessee. Multiple water slides, a lazy river, wave pool, and kids' splash areas make this a full-day destination. Pair it with a visit to Dollywood's main theme park for a multi-day trip.

### Soaky Mountain Waterpark — Sevierville
**Type:** Water Park | **Rating:** 4.4 | **Features:** Accessible, Parking, Picnic Areas, Playground, Restrooms

One of Tennessee's newest large-scale waterparks, Soaky Mountain opened to strong reviews and offers a modern water park experience with slides, splash zones, and a wave pool. The kids' areas are well-designed for younger visitors who aren't ready for the big slides.

### Wild WaterDome Indoor Waterpark — Sevierville
**Type:** Water Park | **Admission:** Free (for resort guests) | **Rating:** 4.5 | **Features:** Accessible, Parking, Picnic Areas, Playground, Restrooms, Shade

A year-round indoor waterpark — one of the few in Tennessee where you can splash in January. The enclosed dome keeps the temperature warm regardless of the season, making this a strong option for families visiting the Smokies outside of summer.

### Wild Bear Falls Water Park — Gatlinburg
**Type:** Indoor Water Play | **Rating:** 4.4 | **Features:** Accessible, Parking, Playground, Restrooms, Shade

Another indoor option in the Gatlinburg area, Wild Bear Falls offers a climate-controlled water play experience attached to a resort. The indoor setting means shade and weather are never a concern — a practical choice for families with young children.

### Country Cascades Waterpark Resort — Pigeon Forge
**Type:** Water Park | **Admission:** Free (for guests) | **Rating:** 4.1 | **Features:** Picnic Areas, Restrooms

A resort-style waterpark that's free for hotel guests. If you're already planning a Pigeon Forge trip, staying here gives the kids built-in water play without a separate admission fee.

---

## Knoxville and East Tennessee

The Knoxville area has a strong selection of free community splash pads, many of them highly rated and well-maintained by local parks departments.

### Founder's Park at Campbell Station — Farragut
**Admission:** Free | **Rating:** 4.8 | **Features:** Accessible, Parking, Playground, Restrooms

The highest-rated splash pad in the Knoxville area at 4.8 stars. Farragut's Founder's Park features a modern splash pad alongside playgrounds and walking trails. The park is well-maintained and popular with families from across Knox County. Free admission makes it a go-to for regular summer visits.

### New Harvest Park — Knoxville
**Admission:** Free | **Rating:** 4.5 | **Features:** Accessible, Parking, Playground, Restrooms

Knoxville's New Harvest Park offers a free splash pad in a large community park setting. The combination of spray features, playground equipment, restrooms, and ample parking makes this one of the best all-around family parks in the city.

### Sandy Springs Park — Maryville
**Admission:** Free | **Rating:** 4.7

A well-loved free splash pad in Maryville, just south of Knoxville. Sandy Springs consistently earns high marks from local families and is an easy drive from anywhere in Blount County.

### Springbrook Park — Alcoa
**Rating:** 4.8

Another highly rated option near Knoxville, Springbrook Park in Alcoa delivers a quality splash pad experience in a community park setting.

---

## Clarksville

Clarksville, Tennessee's fifth-largest city, has invested in multiple splash pad facilities across its parks system.

### Heritage Park Splash Pad — Clarksville
**Admission:** Free | **Rating:** 4.5

The flagship splash pad in Clarksville's parks system. Heritage Park offers free water play in one of the city's best-maintained parks. The adjacent Heritage Park Sports Complex adds additional family recreation options.

### Edith Pettus Park Splash Pad — Clarksville
**Rating:** 4.0

A second splash pad option in Clarksville, Edith Pettus Park provides a neighborhood alternative to Heritage Park with its own set of spray features.

---

## Memphis and West Tennessee

### Shelby Farms Park Water Play Sprayground — Memphis
**Rating:** 4.3 | **Features:** Accessible, Parking, Restrooms

Shelby Farms is one of the largest urban parks in the country, and its Water Play Sprayground gives Memphis families a dedicated splash area within this massive green space. The park's other amenities — trails, playgrounds, lakes — make it easy to build an entire day around a visit.

### Suggs Water Spray Park — Collierville
**Rating:** 4.6 | **Features:** Accessible, Parking, Restrooms

Collierville's Suggs Water Spray Park earns consistently high ratings from families in the eastern Memphis suburbs. Well-maintained with good amenities.

### Community Splash Pad & Ice Cream Cafe — Somerville
**Rating:** 5.0 | **Features:** Accessible, Parking, Playground, Restrooms

A perfect 5.0 rating — the highest in the entire Tennessee directory. This splash pad in Somerville combines water play with an ice cream cafe, which is exactly the kind of post-splash ritual that makes a summer outing memorable. If you're in West Tennessee, this one is worth the drive.

### MWR Mid-South Splash Park — Millington
**Rating:** 4.5 | **Features:** Accessible, Parking, Playground, Restrooms

Located in the Millington area north of Memphis, this splash park offers a solid set of features and family-friendly amenities.

---

## Chattanooga and Southeast Tennessee

### Warner Park Pool — Chattanooga
**Rating:** 4.5

Chattanooga's Warner Park Pool provides water recreation in Tennessee's fourth-largest city. The park setting and community focus make it a reliable summer option for local families.

### NOOGA Splash — Hixson
**Rating:** 4.3 | **Features:** Accessible, Parking, Playground, Restrooms

Just outside Chattanooga in Hixson, NOOGA Splash offers a dedicated splash pad experience with full amenities. A good option for families in Hamilton County looking for water play without the drive downtown.

---

## Hidden Gems Worth the Drive

### Wetlands Water Park — Jonesborough
**Type:** Water Park | **Admission:** Free | **Rating:** 4.2 | **Features:** Picnic Areas, Restrooms

A free water park in Jonesborough — Tennessee's oldest town. Free admission for a water park is rare, and the combination of history and water play makes this a unique family outing.

### Rock Island State Park — Rock Island
**Admission:** Free | **Rating:** 4.8 | **Features:** Picnic Areas

One of the highest-rated water play spots in the state, Rock Island State Park features natural swimming areas and some of the most scenic water access in Tennessee. It's not a traditional splash pad, but the natural water play experience is hard to beat.

### Morristown Landing — Morristown
**Admission:** Free | **Rating:** 4.6

A free splash facility in East Tennessee that flies under the radar. Morristown Landing is worth knowing about if you're traveling through the I-81 corridor.

### Splash Island — Tullahoma
**Rating:** 4.4

A popular water play destination in Coffee County, Splash Island draws families from across the southern Middle Tennessee region.

---

## Tips for Visiting Tennessee Splash Pads

**Season:** Most outdoor splash pads in Tennessee open Memorial Day weekend and close after Labor Day. The Smoky Mountain resorts with indoor waterparks operate year-round.

**Free options are strong:** Tennessee has an unusually high number of free splash pads. Communities like Murfreesboro, Goodlettsville, Farragut, and Maryville all offer high-quality free water play — you don't need to pay resort prices for a great experience.

**Beat the heat:** Tennessee summers regularly hit 90+ degrees with high humidity. Morning visits (before 11am) are less crowded and more comfortable, especially for toddlers.

**The Smokies are a water play destination:** If you're planning a Smoky Mountains trip with kids, budget at least one full day for water — between Dollywood's Splash Country, Soaky Mountain, and the indoor options, there's more than enough to fill multiple days.

---

## Find All 50+ Tennessee Splash Pads

This guide highlights the best, but there are more across the state. Browse the full directory to find splash pads near your Tennessee destination — each listing includes hours, admission info, and a direct link to the facility.

[Browse All Tennessee Splash Pads →](/state/tennessee.html)",Published,best-splash-pads-in-tennessee,"Find the best splash pads in Tennessee for 2026 — Nashville, Knoxville, Pigeon Forge, Clarksville, Memphis, and more. Free and paid options with ratings, features, and tips.","From Nashville's resort waterparks to free community splash pads in Murfreesboro and Knoxville, Tennessee has 50+ splash pads and water play areas for families. Here are the best, organized by region.",Best Splash Pads in Tennessee: Top Water Play Spots for Families (2026),https://res.cloudinary.com/dnmrgvjdm/image/upload/v1773802283/DublinOhioSpray_udbf3g.png,
